id,first_name,last_name,email,title,department,languages
1,Gustave,Le Brun,glebrun0@elegantthemes.com,Junior Executive,Services,Armenian
2,Arlene,Mion,amion1@cnet.com,Safety Technician II,Marketing,Basque
3,Edna,Briatt,ebriatt2@blinklist.com,Legal Assistant,Accounting,Tswana
4,Caty,Vivians,cvivians3@mashable.com,Graphic Designer,Human Resources,Hungarian
5,Sharyl,Yeiles,syeiles4@seesaa.net,Analyst Programmer,Accounting,Inupiaq
6,Jillane,Stevings,jstevings5@cloudflare.com,Accounting Assistant I,Research and Development,Welsh
7,Khalil,Geraghty,kgeraghty6@vinaora.com,VP Sales,Legal,Turkmen
8,Rory,Knipe,rknipe7@sciencedirect.com,Product Engineer,Services,Macedonian
9,Trix,Melloy,tmelloy8@wufoo.com,Data Coordinator,Support,Corsican
10,Aidan,Larking,alarking9@marriott.com,Research Nurse,Accounting,Malagasy
11,Jacky,Rubinovici,jrubinovicia@globo.com,Software Consultant,Engineering,Lithuanian
12,Megan,Pawley,mpawleyb@bizjournals.com,General Manager,Business Development,Slovak
13,Anna-maria,Kinglake,akinglakec@dot.gov,Graphic Designer,Marketing,Persian
14,Neda,Ballefant,nballefantd@xinhuanet.com,Accountant III,Business Development,Oriya
15,Orsa,Gentner,ogentnere@cdc.gov,Electrical Engineer,Legal,Divehi
16,Feodor,Codrington,fcodringtonf@nba.com,Staff Scientist,Engineering,Bulgarian
17,Maynord,Luton,mlutong@delicious.com,Budget/Accounting Analyst I,Support,Akan
18,Morris,Ziems,mziemsh@homestead.com,Systems Administrator II,Human Resources,German
19,Kendre,Elletson,kelletsoni@rakuten.co.jp,Speech Pathologist,Training,Norwegian Nynorsk
20,Pepillo,Belverstone,pbelverstonej@w3.org,Recruiting Manager,Product Management,Fulah
21,Anastasie,O'Gorman,aogormank@unicef.org,Media Manager I,Human Resources,Pali
22,Reinwald,Domanski,rdomanskil@cloudflare.com,Nuclear Power Engineer,Human Resources,Kinyarwanda
23,Nikolas,Devereux,ndevereuxm@yellowpages.com,Research Assistant IV,Accounting,Czech
24,Addie,Donaldson,adonaldsonn@goodreads.com,Accountant II,Engineering,Sichuan Yi
25,Ranna,Tipton,rtiptono@marriott.com,Payment Adjustment Coordinator,Legal,Sichuan Yi
26,Vanny,Peres,vperesp@google.com.au,Senior Cost Accountant,Research and Development,Hiri Motu
27,Gaye,Couling,gcoulingq@sourceforge.net,Environmental Specialist,Support,Xhosa
28,Nola,Petrovykh,npetrovykhr@yahoo.com,Senior Editor,Research and Development,Bambara
29,Lettie,Granham,lgranhams@arstechnica.com,Programmer Analyst IV,Engineering,Manx
30,Lorie,Kemwal,lkemwalt@nba.com,Analog Circuit Design manager,Sales,Gaelic
31,Zollie,Llopis,zllopisu@youtube.com,Sales Associate,Accounting,Kurdish
32,Jess,Crossland,jcrosslandv@com.com,Operator,Sales,Manx
33,Phedra,Farrell,pfarrellw@alexa.com,Environmental Tech,Product Management,Esperanto
34,Hall,Celli,hcellix@ocn.ne.jp,General Manager,Legal,Chichewa
35,Quinlan,Suggate,qsuggatey@umn.edu,Product Engineer,Accounting,Belarusian
36,Paxon,Mooney,pmooneyz@hud.gov,Analyst Programmer,Support,Amharic
37,Lindy,Dods,ldods10@digg.com,Biostatistician III,Sales,Portuguese
38,Spence,Krochmann,skrochmann11@cargocollective.com,Analyst Programmer,Training,Bosnian
39,Ann-marie,Neiland,aneiland12@reddit.com,Cost Accountant,Research and Development,Pali
40,Vikky,Schiesterl,vschiesterl13@npr.org,Legal Assistant,Human Resources,Maltese
41,Wallis,Round,wround14@house.gov,Statistician IV,Product Management,French
42,Tadeas,Kidby,tkidby15@google.de,Social Worker,Research and Development,Marshallese
43,Flin,Giannazzi,fgiannazzi16@examiner.com,Technical Writer,Support,Interlingua (International Auxiliary Language Association)
44,Paddy,Buard,pbuard17@themeforest.net,Recruiter,Services,Chichewa
45,Dory,Longbottom,dlongbottom18@webnode.com,Web Designer III,Engineering,Pali
46,Michaela,Franzetti,mfranzetti19@livejournal.com,Registered Nurse,Legal,Finnish
47,Carlyn,Buse,cbuse1a@multiply.com,Senior Quality Engineer,Legal,Sardinian
48,Vale,Upshall,vupshall1b@berkeley.edu,Desktop Support Technician,Product Management,Turkish
49,Alfie,McGivena,amcgivena1c@shutterfly.com,Accountant III,Product Management,Interlingua (International Auxiliary Language Association)
50,Isabelita,Sproule,isproule1d@mediafire.com,Account Representative III,Product Management,Maltese
51,Eldridge,Fife,efife1e@multiply.com,Statistician I,Sales,Samoan
52,Berenice,Gansbuhler,bgansbuhler1f@fotki.com,VP Marketing,Business Development,Kalaallisut
53,Kennedy,Greally,kgreally1g@dmoz.org,Mechanical Systems Engineer,Business Development,Kuanyama
54,Lemmie,Joinsey,ljoinsey1h@walmart.com,Engineer IV,Engineering,Maltese
55,Niven,Hinrich,nhinrich1i@cisco.com,Director of Sales,Legal,Chuvash
56,Guendolen,McOrkill,gmcorkill1j@dropbox.com,Staff Accountant IV,Research and Development,Oromo
57,Towney,Fysh,tfysh1k@so-net.ne.jp,Office Assistant I,Marketing,French
58,Libbie,Besson,lbesson1l@rambler.ru,Computer Systems Analyst II,Engineering,Russian
59,Salvador,Mityashev,smityashev1m@nih.gov,Accountant IV,Support,Komi
60,Casey,Celand,cceland1n@buzzfeed.com,Account Representative II,Legal,Nauru
61,Demetre,Troake,dtroake1o@ucla.edu,Accounting Assistant IV,Research and Development,Sindhi
62,Norah,Tarborn,ntarborn1p@yellowbook.com,Actuary,Engineering,Albanian
63,Faunie,Cartan,fcartan1q@ft.com,Product Engineer,Human Resources,Kuanyama
64,Ignacio,Cockshutt,icockshutt1r@networksolutions.com,Occupational Therapist,Marketing,Norwegian
65,Kareem,Blenkinsopp,kblenkinsopp1s@loc.gov,Programmer II,Marketing,Luba-Katanga
66,Bear,Brimble,bbrimble1t@hp.com,Geologist III,Marketing,Occitan (post 1500)
67,Ginevra,Liddon,gliddon1u@homestead.com,Accountant II,Services,Latvian
68,Tiffany,McAneny,tmcaneny1v@mashable.com,Nurse Practicioner,Research and Development,Malay
69,Andros,Cleen,acleen1w@ihg.com,Research Associate,Human Resources,English
70,Michell,Eatttok,meatttok1x@statcounter.com,Marketing Assistant,Accounting,Telugu
71,Isiahi,Harbert,iharbert1y@ftc.gov,Senior Editor,Product Management,Guarani
72,Stanwood,Klainman,sklainman1z@jalbum.net,Account Representative IV,Services,Javanese
73,Kaila,Berkley,kberkley20@webs.com,Safety Technician I,Human Resources,Xhosa
74,Estele,Glowach,eglowach21@netvibes.com,Social Worker,Services,Marathi
75,Freda,Haukey,fhaukey22@foxnews.com,Clinical Specialist,Engineering,Hiri Motu
76,Ingar,Johncey,ijohncey23@state.tx.us,Marketing Manager,Sales,Interlingua (International Auxiliary Language Association)
77,Heinrick,Tutin,htutin24@senate.gov,Graphic Designer,Marketing,Chamorro
78,Gerrilee,Tuckie,gtuckie25@123-reg.co.uk,Junior Executive,Accounting,Albanian
79,Gar,Eagers,geagers26@psu.edu,Research Associate,Training,Interlingue
80,Rebbecca,Gibbett,rgibbett27@163.com,Design Engineer,Product Management,"Bokmål, Norwegian"
81,Robbert,Sandels,rsandels28@biglobe.ne.jp,Occupational Therapist,Research and Development,Persian
82,Paulo,Choak,pchoak29@hubpages.com,Project Manager,Accounting,Chamorro
83,Haslett,Tilt,htilt2a@chron.com,General Manager,Research and Development,Macedonian
84,Sherry,Cunniam,scunniam2b@huffingtonpost.com,Environmental Specialist,Accounting,Slovak
85,Deanna,Stovin,dstovin2c@google.com.au,Social Worker,Product Management,Lithuanian
86,Abel,Morales,amorales2d@merriam-webster.com,Payment Adjustment Coordinator,Business Development,Kikuyu
87,Tammie,Fusco,tfusco2e@exblog.jp,Environmental Tech,Research and Development,Japanese
88,Elden,Izhakov,eizhakov2f@tamu.edu,General Manager,Research and Development,Norwegian Nynorsk
89,Cornie,Davidy,cdavidy2g@edublogs.org,Professor,Sales,Twi
90,Cherida,Canti,ccanti2h@businessinsider.com,Recruiter,Research and Development,Vietnamese
91,Pebrook,Marrian,pmarrian2i@symantec.com,Operator,Sales,Czech
92,Lolly,Chatelet,lchatelet2j@intel.com,Environmental Tech,Legal,Luba-Katanga
93,Hermine,Boerder,hboerder2k@miitbeian.gov.cn,Software Consultant,Human Resources,Chechen
94,Inesita,Cleaveland,icleaveland2l@washingtonpost.com,Editor,Marketing,Uighur
95,Roseanna,Phythien,rphythien2m@netlog.com,Design Engineer,Research and Development,Danish
96,Brent,Caspell,bcaspell2n@ebay.com,Financial Analyst,Product Management,Chinese
97,Noble,Burnitt,nburnitt2o@patch.com,Sales Representative,Accounting,Chichewa
98,Lorain,Withrington,lwithrington2p@naver.com,Senior Cost Accountant,Research and Development,Avestan
99,Rhona,Mundall,rmundall2q@home.pl,Account Representative III,Human Resources,Sundanese
100,Morley,Colman,mcolman2r@unesco.org,Editor,Training,Zhuang
101,Flinn,Stepney,fstepney2s@simplemachines.org,Senior Quality Engineer,Research and Development,Panjabi
102,Clevey,Quilligan,cquilligan2t@domainmarket.com,Sales Representative,Legal,Thai
103,Junia,Alejandre,jalejandre2u@earthlink.net,Business Systems Development Analyst,Services,Tonga (Tonga Islands)
104,Carlin,Lezemere,clezemere2v@alexa.com,Accounting Assistant IV,Marketing,"Ndebele, South"
105,Yard,Filshin,yfilshin2w@npr.org,Quality Control Specialist,Accounting,Chuvash
106,Lilyan,Cadore,lcadore2x@nps.gov,Product Engineer,Support,Hungarian
107,Jamima,Breakwell,jbreakwell2y@github.com,Teacher,Marketing,Azerbaijani
108,Myra,Hiseman,mhiseman2z@samsung.com,Analyst Programmer,Accounting,Tibetan
109,Tammie,Sissons,tsissons30@princeton.edu,Senior Financial Analyst,Training,Latin
110,Dredi,Livsey,dlivsey31@tmall.com,Tax Accountant,Services,Arabic
111,Britni,Neller,bneller32@nih.gov,Accountant IV,Product Management,Albanian
112,Elysee,Marrington,emarrington33@bluehost.com,Dental Hygienist,Marketing,Urdu
113,Bentlee,Gapper,bgapper34@com.com,Sales Associate,Accounting,Panjabi
114,Clemmy,Vinecombe,cvinecombe35@ucoz.ru,Cost Accountant,Legal,Nepali
115,Shannah,McIlvoray,smcilvoray36@ibm.com,Director of Sales,Business Development,Norwegian Nynorsk
116,Norbert,Itchingham,nitchingham37@europa.eu,Quality Control Specialist,Product Management,Church Slavic
117,Wolf,Fippe,wfippe38@weebly.com,Product Engineer,Marketing,Sundanese
118,Inga,Wallbridge,iwallbridge39@behance.net,Environmental Specialist,Accounting,Kirghiz
119,Donal,Ledgerton,dledgerton3a@shutterfly.com,Legal Assistant,Legal,Turkmen
120,Jeffry,Robken,jrobken3b@ustream.tv,Operator,Marketing,Uzbek
121,Daphene,Scourge,dscourge3c@sbwire.com,Environmental Tech,Accounting,Dutch
122,Dawna,Westby,dwestby3d@army.mil,Compensation Analyst,Legal,Hiri Motu
123,Shaun,Threlfall,sthrelfall3e@hhs.gov,Nurse Practicioner,Legal,Tsonga
124,Hollis,Kevern,hkevern3f@vimeo.com,Product Engineer,Support,Malayalam
125,Quillan,Langsdon,qlangsdon3g@nydailynews.com,Associate Professor,Business Development,Breton
126,Cloe,Tunsley,ctunsley3h@springer.com,Executive Secretary,Business Development,Zulu
127,Leslie,MacGuiness,lmacguiness3i@opensource.org,Programmer I,Services,Ido
128,Grete,Fairbourn,gfairbourn3j@army.mil,Senior Developer,Human Resources,Polish
129,Karlens,Dehn,kdehn3k@cbslocal.com,Staff Accountant IV,Legal,Kinyarwanda
130,Rosmunda,Camp,rcamp3l@cpanel.net,Geological Engineer,Engineering,Latvian
131,Doretta,Heinonen,dheinonen3m@yahoo.com,Operator,Product Management,Chuvash
132,Lonny,Reuther,lreuther3n@bloglovin.com,Nurse,Product Management,Kirghiz
133,Chevy,Tibald,ctibald3o@java.com,Accounting Assistant I,Training,Danish
134,Harri,Labitt,hlabitt3p@jalbum.net,Marketing Manager,Support,"Bokmål, Norwegian"
135,Andie,Rougier,arougier3q@washingtonpost.com,Senior Financial Analyst,Engineering,Sango
136,Olia,Salamon,osalamon3r@tiny.cc,Associate Professor,Engineering,Swati
137,Cyb,Brumbie,cbrumbie3s@elegantthemes.com,Web Developer III,Support,Swedish
138,Dixie,Queenborough,dqueenborough3t@sciencedaily.com,Senior Quality Engineer,Marketing,Inuktitut
139,Wayland,McErlaine,wmcerlaine3u@state.gov,Account Coordinator,Marketing,Inupiaq
140,Tedda,Ickovic,tickovic3v@nationalgeographic.com,Administrative Officer,Human Resources,Luxembourgish
141,Janette,Antonikov,jantonikov3w@biglobe.ne.jp,Physical Therapy Assistant,Services,Kongo
142,Ardith,Rawsen,arawsen3x@arstechnica.com,Programmer Analyst I,Accounting,Finnish
143,Tracey,Holley,tholley3y@fc2.com,Operator,Legal,Romansh
144,Kerry,Dannett,kdannett3z@cnet.com,Web Developer I,Engineering,Chuvash
145,Stephie,Danforth,sdanforth40@tuttocitta.it,Assistant Media Planner,Training,Assamese
146,Eb,Ciccotti,eciccotti41@reddit.com,Senior Developer,Business Development,Javanese
147,Patience,Addyman,paddyman42@photobucket.com,Desktop Support Technician,Research and Development,Bengali
148,Wyatt,Mawne,wmawne43@businessinsider.com,Financial Analyst,Training,Sichuan Yi
149,Maryrose,Scarrisbrick,mscarrisbrick44@independent.co.uk,Automation Specialist IV,Product Management,Hindi
150,Codi,Hannigan,channigan45@europa.eu,Senior Developer,Sales,Galician
151,Rolfe,Maryott,rmaryott46@icq.com,Environmental Specialist,Human Resources,Akan
152,Helene,Shead,hshead47@mediafire.com,Paralegal,Engineering,Indonesian
153,Dianemarie,Rosas,drosas48@amazon.co.uk,Marketing Manager,Product Management,Kannada
154,Myriam,Izhakov,mizhakov49@usda.gov,Editor,Accounting,Latin
155,Hulda,Derricoat,hderricoat4a@storify.com,Sales Representative,Engineering,Albanian
156,Berte,Pidduck,bpidduck4b@buzzfeed.com,General Manager,Training,Tibetan
157,Caron,Colombier,ccolombier4c@pinterest.com,Sales Associate,Human Resources,Malay
158,Franny,Frude,ffrude4d@storify.com,Financial Analyst,Training,Basque
159,Raina,Comford,rcomford4e@paginegialle.it,Geologist III,Marketing,"Greek, Modern (1453-)"
160,Lucille,Sottell,lsottell4f@comcast.net,Account Coordinator,Accounting,Sichuan Yi
161,Jackie,Horney,jhorney4g@csmonitor.com,Sales Representative,Training,Hausa
162,Sandor,Grimsdale,sgrimsdale4h@deviantart.com,Sales Representative,Legal,Malagasy
163,Barron,MacMenamy,bmacmenamy4i@spiegel.de,Structural Analysis Engineer,Business Development,"Sotho, Southern"
164,Morna,Kennefick,mkennefick4j@blogtalkradio.com,Editor,Sales,Avaric
165,Hardy,Oneil,honeil4k@china.com.cn,Biostatistician II,Product Management,Romansh
166,Patrice,Nye,pnye4l@theglobeandmail.com,Software Engineer III,Research and Development,Inupiaq
167,Faydra,Timberlake,ftimberlake4m@oracle.com,Design Engineer,Sales,Hindi
168,Hugh,Klosa,hklosa4n@google.pl,Senior Cost Accountant,Support,Navajo
169,Evvie,Mollison,emollison4o@yahoo.com,Senior Sales Associate,Engineering,Hebrew
170,Zonda,Moyes,zmoyes4p@google.co.uk,Tax Accountant,Product Management,Haitian
171,Jacob,Debnam,jdebnam4q@nhs.uk,GIS Technical Architect,Research and Development,Slovenian
172,Audra,Hebron,ahebron4r@nbcnews.com,Safety Technician II,Services,Russian
173,Silvanus,Antoniottii,santoniottii4s@economist.com,Actuary,Support,Inuktitut
174,Cathy,Davydzenko,cdavydzenko4t@comsenz.com,Engineer II,Sales,Xhosa
175,Pasquale,Tingle,ptingle4u@about.me,Dental Hygienist,Marketing,Bambara
176,Skye,Zaniolo,szaniolo4v@homestead.com,Operator,Marketing,Nepali
177,Farrel,Sandes,fsandes4w@apple.com,Environmental Specialist,Business Development,Sichuan Yi
178,Angelina,MacQuaker,amacquaker4x@ustream.tv,Social Worker,Support,Kurdish
179,Rossy,Tomasek,rtomasek4y@nbcnews.com,Project Manager,Business Development,Cree
180,Ferdie,Morpeth,fmorpeth4z@ow.ly,Quality Engineer,Research and Development,Finnish
181,Algernon,Dummigan,adummigan50@nih.gov,Systems Administrator II,Human Resources,Javanese
182,Karyn,Youde,kyoude51@deviantart.com,Human Resources Manager,Product Management,Albanian
183,Haily,Crutchley,hcrutchley52@addthis.com,Senior Quality Engineer,Engineering,Italian
184,Kurt,Minerdo,kminerdo53@tuttocitta.it,Account Executive,Legal,Kanuri
185,Elfreda,Casaletto,ecasaletto54@google.com.hk,VP Accounting,Legal,Hindi
186,Daphne,Espy,despy55@webmd.com,Help Desk Technician,Engineering,Burmese
187,Tadeo,Pittendreigh,tpittendreigh56@liveinternet.ru,VP Sales,Human Resources,Sardinian
188,Reed,Calyton,rcalyton57@berkeley.edu,Senior Developer,Accounting,Tsonga
189,Gian,O'Brian,gobrian58@pen.io,Web Designer II,Marketing,Haitian
190,York,Klimsch,yklimsch59@wikia.com,Senior Quality Engineer,Marketing,Turkish
191,Aleksandr,Kollach,akollach5a@squidoo.com,Budget/Accounting Analyst II,Research and Development,Chinese
192,Rachele,Orable,rorable5b@constantcontact.com,Assistant Media Planner,Services,Zhuang
193,Forster,Lamplugh,flamplugh5c@unicef.org,Programmer III,Legal,Western Frisian
194,Cary,Pinard,cpinard5d@cpanel.net,Research Associate,Accounting,Kuanyama
195,Tammie,Garforth,tgarforth5e@boston.com,Mechanical Systems Engineer,Support,Lao
196,Correy,Killoran,ckilloran5f@marriott.com,Health Coach III,Services,Basque
197,Imojean,Stang-Gjertsen,istanggjertsen5g@google.fr,Assistant Media Planner,Research and Development,"Bokmål, Norwegian"
198,Selia,Yakovitch,syakovitch5h@vkontakte.ru,Automation Specialist IV,Legal,Sango
199,Eulalie,Dobrovolski,edobrovolski5i@goo.ne.jp,Electrical Engineer,Training,Chinese
200,Fanni,Cottee,fcottee5j@theglobeandmail.com,Geologist IV,Services,Ndonga
201,Wesley,Hartfleet,whartfleet5k@gnu.org,Associate Professor,Engineering,Tajik
202,Alexis,Iredale,airedale5l@biblegateway.com,Structural Analysis Engineer,Support,Mongolian
203,Wilfrid,McAloren,wmcaloren5m@usgs.gov,Dental Hygienist,Services,Fijian
204,Corena,Droogan,cdroogan5n@seesaa.net,Editor,Support,Chamorro
205,Liam,Meekings,lmeekings5o@facebook.com,Senior Financial Analyst,Training,Amharic
206,Ruperto,Simmers,rsimmers5p@techcrunch.com,Actuary,Research and Development,Maltese
207,Lorene,Korneluk,lkorneluk5q@geocities.jp,Research Nurse,Human Resources,Ojibwa
208,Georgie,Tollmache,gtollmache5r@t.co,Budget/Accounting Analyst IV,Training,Yiddish
209,Wendall,Calow,wcalow5s@scribd.com,Accountant II,Product Management,Sichuan Yi
210,Millard,Paolillo,mpaolillo5t@github.com,Speech Pathologist,Services,"Greek, Modern (1453-)"
211,Josey,Fiddymont,jfiddymont5u@umich.edu,Cost Accountant,Support,Estonian
212,Waldemar,Lydster,wlydster5v@twitpic.com,Analog Circuit Design manager,Support,Serbian
213,Davidde,Naerup,dnaerup5w@mayoclinic.com,Financial Analyst,Accounting,Bislama
214,Debby,Gaylard,dgaylard5x@europa.eu,Civil Engineer,Marketing,Zulu
215,Kip,Muro,kmuro5y@reuters.com,Pharmacist,Services,"Sotho, Southern"
216,Tierney,Quilter,tquilter5z@prnewswire.com,Editor,Human Resources,Wolof
217,Carmelina,Duke,cduke60@spiegel.de,Senior Editor,Support,Malayalam
218,Burch,Leydon,bleydon61@xinhuanet.com,Senior Quality Engineer,Product Management,Welsh
219,Quintilla,Devil,qdevil62@newyorker.com,Financial Analyst,Support,Georgian
220,Burnard,Doey,bdoey63@yolasite.com,Senior Financial Analyst,Marketing,Vietnamese
221,Calley,Cutten,ccutten64@sohu.com,Legal Assistant,Accounting,Aragonese
222,Dulce,Mapledoram,dmapledoram65@epa.gov,Editor,Engineering,Spanish
223,Alissa,Lewson,alewson66@sogou.com,Developer II,Engineering,Chichewa
224,Riannon,Iacomettii,riacomettii67@tmall.com,Budget/Accounting Analyst I,Accounting,Korean
225,Lotte,Mechan,lmechan68@i2i.jp,Project Manager,Marketing,Assamese
226,Clarinda,Landsborough,clandsborough69@bigcartel.com,Product Engineer,Business Development,Azerbaijani
227,Dayle,Ties,dties6a@imdb.com,Systems Administrator II,Marketing,Inupiaq
228,Margarita,Kerbler,mkerbler6b@goo.gl,Statistician I,Services,Georgian
229,Bendix,Tregust,btregust6c@vkontakte.ru,Account Coordinator,Services,Inuktitut
230,Jeni,Aveline,javeline6d@etsy.com,Accounting Assistant II,Engineering,Kashmiri
231,Audi,Jehu,ajehu6e@nsw.gov.au,Staff Scientist,Product Management,Ido
232,Wyatan,Blees,wblees6f@cbslocal.com,Financial Analyst,Support,Polish
233,Kippie,Strang,kstrang6g@canalblog.com,Pharmacist,Engineering,Marshallese
234,Cosimo,Delos,cdelos6h@shareasale.com,Librarian,Research and Development,Macedonian
235,Concettina,Neeve,cneeve6i@samsung.com,Account Executive,Marketing,Hiri Motu
236,Garrot,Johnes,gjohnes6j@deviantart.com,General Manager,Research and Development,Catalan
237,Adi,Tumelty,atumelty6k@a8.net,Health Coach I,Research and Development,Malay
238,Letisha,Boolsen,lboolsen6l@lulu.com,Safety Technician II,Support,Swati
239,Marie,Corsan,mcorsan6m@people.com.cn,Data Coordinator,Research and Development,Gujarati
240,Murray,Hedges,mhedges6n@acquirethisname.com,Developer IV,Human Resources,Malagasy
241,Wyndham,Starte,wstarte6o@altervista.org,Information Systems Manager,Engineering,Breton
242,Lanie,Comini,lcomini6p@paginegialle.it,Quality Control Specialist,Research and Development,Bashkir
243,Saunders,Ollier,sollier6q@narod.ru,Help Desk Operator,Legal,Inuktitut
244,Florance,Vallow,fvallow6r@upenn.edu,Tax Accountant,Marketing,"Ndebele, North"
245,Felita,Ratazzi,fratazzi6s@usatoday.com,Legal Assistant,Business Development,Javanese
246,Warner,Kliner,wkliner6t@addtoany.com,Environmental Specialist,Human Resources,Manx
247,Austin,Haughian,ahaughian6u@tumblr.com,Software Consultant,Support,Chechen
248,Anderea,Jacks,ajacks6v@howstuffworks.com,Assistant Media Planner,Business Development,Sanskrit
249,Abel,Dellenty,adellenty6w@engadget.com,Financial Advisor,Human Resources,Wolof
250,Cornela,Rothschild,crothschild6x@eventbrite.com,Graphic Designer,Human Resources,Tigrinya
251,Truda,Sumner,tsumner6y@joomla.org,Account Executive,Product Management,Thai
252,Victoria,Loch,vloch6z@bloglovin.com,Community Outreach Specialist,Services,Hungarian
253,Jessalin,Cohr,jcohr70@parallels.com,Web Developer II,Product Management,Chinese
254,Biddie,Grichukhanov,bgrichukhanov71@buzzfeed.com,Technical Writer,Research and Development,Kalaallisut
255,Cece,Cassell,ccassell72@bloomberg.com,Professor,Research and Development,Swati
256,Haze,Nutbean,hnutbean73@reverbnation.com,Nuclear Power Engineer,Product Management,Herero
257,Lee,Wantling,lwantling74@blinklist.com,Recruiting Manager,Accounting,Kalaallisut
258,Shepherd,Devonport,sdevonport75@ed.gov,Financial Advisor,Marketing,Turkmen
259,Nata,Martinelli,nmartinelli76@trellian.com,Nuclear Power Engineer,Marketing,Kazakh
260,Edwina,Bysouth,ebysouth77@edublogs.org,Director of Sales,Business Development,Corsican
261,Wenda,Magill,wmagill78@usnews.com,Financial Analyst,Accounting,Croatian
262,Reeta,Newby,rnewby79@chicagotribune.com,Civil Engineer,Services,Bengali
263,Edvard,Moncarr,emoncarr7a@opera.com,Programmer Analyst I,Human Resources,Akan
264,Jay,Pretsel,jpretsel7b@pen.io,Sales Representative,Sales,Oriya
265,Kellina,Dimbylow,kdimbylow7c@oakley.com,Project Manager,Human Resources,Urdu
266,Edeline,Senchenko,esenchenko7d@nyu.edu,Software Test Engineer I,Product Management,Corsican
267,Skelly,Lau,slau7e@stumbleupon.com,Senior Financial Analyst,Accounting,Malay
268,Mortie,Canby,mcanby7f@vistaprint.com,Recruiting Manager,Engineering,Macedonian
269,Melly,Gaines,mgaines7g@fastcompany.com,Human Resources Manager,Training,Kannada
270,Lauren,Gavin,lgavin7h@soundcloud.com,Account Representative IV,Support,Hebrew
271,Janka,Dewfall,jdewfall7i@deviantart.com,Occupational Therapist,Research and Development,Tsonga
272,Hyacinth,Managh,hmanagh7j@wp.com,Recruiter,Engineering,English
273,Carmela,Yitzhakof,cyitzhakof7k@admin.ch,Chemical Engineer,Training,Croatian
274,Hildagarde,Bakster,hbakster7l@wikia.com,Developer III,Training,Irish
275,Kiele,Greenhall,kgreenhall7m@github.com,Administrative Assistant IV,Legal,Tagalog
276,Tootsie,Karpets,tkarpets7n@cnn.com,Software Test Engineer IV,Sales,Bashkir
277,Quincey,Mickelwright,qmickelwright7o@acquirethisname.com,Civil Engineer,Marketing,Kikuyu
278,Aarika,Griffithe,agriffithe7p@jiathis.com,Mechanical Systems Engineer,Product Management,Venda
279,Arv,Pringley,apringley7q@live.com,GIS Technical Architect,Sales,Volapük
280,Erv,Ajean,eajean7r@umn.edu,Product Engineer,Accounting,Inupiaq
281,Tyrone,Myrkus,tmyrkus7s@nhs.uk,Biostatistician IV,Services,Hindi
282,Maddie,Naisbet,mnaisbet7t@dmoz.org,VP Sales,Training,Bislama
283,Dee,Jewkes,djewkes7u@wiley.com,Software Consultant,Accounting,Icelandic
284,Fionnula,Redgrave,fredgrave7v@uiuc.edu,GIS Technical Architect,Business Development,Norwegian Nynorsk
285,Sumner,Dormon,sdormon7w@lycos.com,Structural Analysis Engineer,Marketing,Japanese
286,Nicko,Snelman,nsnelman7x@state.tx.us,Software Engineer I,Research and Development,Zhuang
287,Anabal,Henrionot,ahenrionot7y@stumbleupon.com,Senior Quality Engineer,Services,Russian
288,Harri,Varsey,hvarsey7z@ustream.tv,Paralegal,Sales,Korean
289,Madelyn,Staff,mstaff80@smh.com.au,Marketing Manager,Engineering,Inuktitut
290,Payton,Diprose,pdiprose81@mtv.com,Clinical Specialist,Business Development,Komi
291,Honoria,Healeas,hhealeas82@spiegel.de,Clinical Specialist,Sales,Ossetian
292,Mommy,Meneghi,mmeneghi83@npr.org,Help Desk Technician,Human Resources,Ukrainian
293,Inez,Noot,inoot84@themeforest.net,Developer I,Product Management,Finnish
294,Drucill,Hornig,dhornig85@chronoengine.com,Financial Analyst,Sales,Faroese
295,Lombard,Henryson,lhenryson86@sbwire.com,Structural Analysis Engineer,Legal,Uzbek
296,Lilith,Speares,lspeares87@mozilla.org,Internal Auditor,Product Management,Ukrainian
297,Walt,Yarrington,wyarrington88@youku.com,Software Engineer IV,Marketing,Swati
298,Stefano,Dumbrill,sdumbrill89@cisco.com,Financial Analyst,Accounting,Lithuanian
299,Anthiathia,Brighouse,abrighouse8a@topsy.com,Professor,Support,Yiddish
300,Malvina,Garret,mgarret8b@army.mil,Staff Scientist,Human Resources,Uzbek
301,Lexie,Lane,llane8c@illinois.edu,Office Assistant I,Services,Belarusian
302,Gabriellia,Longforth,glongforth8d@cdc.gov,Quality Engineer,Research and Development,Avaric
303,Norean,Brosel,nbrosel8e@1und1.de,Nurse,Accounting,Sardinian
304,Rubetta,Riddoch,rriddoch8f@businessweek.com,Sales Representative,Product Management,Zulu
305,Raleigh,Chadwin,rchadwin8g@harvard.edu,Staff Scientist,Research and Development,Samoan
306,Sydelle,Balcombe,sbalcombe8h@theglobeandmail.com,Environmental Specialist,Research and Development,Avaric
307,Rutherford,Bowyer,rbowyer8i@who.int,Tax Accountant,Accounting,Sichuan Yi
308,Derward,Lucius,dlucius8j@google.fr,Senior Editor,Engineering,Sichuan Yi
309,Sharlene,Le Bosse,slebosse8k@jimdo.com,VP Quality Control,Support,Armenian
310,Ivory,Keeping,ikeeping8l@ycombinator.com,Help Desk Technician,Support,Polish
311,Kata,Purslow,kpurslow8m@surveymonkey.com,Pharmacist,Product Management,Croatian
312,Matti,Novakovic,mnovakovic8n@shutterfly.com,General Manager,Sales,Aymara
313,Venus,Woodland,vwoodland8o@dmoz.org,Speech Pathologist,Research and Development,Pushto
314,Jilli,Bofield,jbofield8p@goo.ne.jp,Geologist III,Support,Kuanyama
315,Kata,Nuttey,knuttey8q@economist.com,GIS Technical Architect,Marketing,Georgian
316,Kirbee,MacKain,kmackain8r@phpbb.com,Operator,Business Development,"Greek, Modern (1453-)"
317,Toni,McLeod,tmcleod8s@ucoz.ru,Chief Design Engineer,Engineering,Tibetan
318,Chloette,Banasik,cbanasik8t@google.ru,Mechanical Systems Engineer,Product Management,Interlingue
319,Ulick,McFaell,umcfaell8u@123-reg.co.uk,Graphic Designer,Training,Manx
320,Tammie,Wiffler,twiffler8v@domainmarket.com,Analyst Programmer,Engineering,Navajo
321,Jo-ann,Ottewill,jottewill8w@rambler.ru,VP Marketing,Legal,Japanese
322,Dallas,Hearley,dhearley8x@hubpages.com,Research Nurse,Services,Sindhi
323,Roana,Cullimore,rcullimore8y@mozilla.com,Marketing Manager,Product Management,Wolof
324,Sampson,Franscioni,sfranscioni8z@spiegel.de,Programmer III,Marketing,Esperanto
325,Berry,Durdan,bdurdan90@xrea.com,Human Resources Assistant III,Research and Development,Persian
326,Levey,Nucciotti,lnucciotti91@netscape.com,Nurse,Engineering,Portuguese
327,Mickie,Danser,mdanser92@ucoz.ru,Assistant Manager,Research and Development,Pushto
328,Elmira,Redwood,eredwood93@howstuffworks.com,Software Consultant,Research and Development,Icelandic
329,Conrado,Heape,cheape94@sohu.com,Help Desk Operator,Services,Bulgarian
330,Early,Amdohr,eamdohr95@wired.com,Software Test Engineer II,Engineering,Nauru
331,Coletta,McShirrie,cmcshirrie96@sourceforge.net,General Manager,Support,Kalaallisut
332,Livy,Haggata,lhaggata97@bing.com,Senior Cost Accountant,Support,Swedish
333,Efrem,Voice,evoice98@example.com,Senior Quality Engineer,Product Management,Maltese
334,Oran,Lapworth,olapworth99@t-online.de,Environmental Tech,Accounting,Swedish
335,Linc,Renihan,lrenihan9a@mtv.com,Systems Administrator IV,Research and Development,Hungarian
336,Woody,Panter,wpanter9b@php.net,Research Nurse,Research and Development,Panjabi
337,Douglass,Meigh,dmeigh9c@friendfeed.com,Recruiting Manager,Sales,Swati
338,Ruthe,Chadwell,rchadwell9d@smh.com.au,Desktop Support Technician,Accounting,Arabic
339,Pru,Schoenfisch,pschoenfisch9e@ibm.com,Administrative Officer,Training,Aymara
340,Corabelle,Haliday,chaliday9f@shinystat.com,Staff Accountant III,Product Management,Tajik
341,Ilise,Dami,idami9g@npr.org,Nurse,Business Development,Bashkir
342,Ofella,O'Teague,ooteague9h@unesco.org,Senior Sales Associate,Legal,Slovak
343,Alexine,Negro,anegro9i@merriam-webster.com,Quality Engineer,Sales,Lithuanian
344,Simeon,Clissold,sclissold9j@adobe.com,Web Developer III,Legal,Lingala
345,Aubrey,Carletto,acarletto9k@friendfeed.com,Senior Financial Analyst,Engineering,Akan
346,Lucais,Spino,lspino9l@qq.com,Director of Sales,Sales,Romanian
347,Marthena,Mease,mmease9m@fotki.com,Health Coach III,Support,Tigrinya
348,Bonnibelle,Roberts,broberts9n@mapquest.com,Account Representative I,Human Resources,Interlingua (International Auxiliary Language Association)
349,Aila,Howitt,ahowitt9o@zdnet.com,Design Engineer,Product Management,Ido
350,Erhard,Seery,eseery9p@shinystat.com,VP Accounting,Marketing,Ganda
351,Ignaz,Clue,iclue9q@columbia.edu,Media Manager III,Training,Afrikaans
352,Arluene,Harmar,aharmar9r@tripadvisor.com,Environmental Tech,Marketing,"Bokmål, Norwegian"
353,Rollin,Magner,rmagner9s@alibaba.com,Software Consultant,Engineering,Slovak
354,Charmain,Wattins,cwattins9t@hp.com,Health Coach II,Sales,Central Khmer
355,Teresa,Broadberry,tbroadberry9u@reference.com,Web Developer II,Product Management,Hebrew
356,Perren,Beneix,pbeneix9v@businesswire.com,Senior Quality Engineer,Research and Development,Sundanese
357,Jervis,Byne,jbyne9w@dailymail.co.uk,Research Associate,Engineering,Afar
358,Myra,Esposito,mesposito9x@wsj.com,GIS Technical Architect,Engineering,Ganda
359,Angelita,Thying,athying9y@sogou.com,Quality Engineer,Training,Chinese
360,Reggi,Turneux,rturneux9z@fema.gov,Pharmacist,Training,Navajo
361,Bil,Toler,btolera0@ning.com,Teacher,Marketing,Inupiaq
362,Vivi,Glen,vglena1@theglobeandmail.com,Quality Engineer,Human Resources,Chuvash
363,Nikaniki,Casassa,ncasassaa2@google.es,Professor,Research and Development,Chechen
364,Andy,Eads,aeadsa3@kickstarter.com,Analyst Programmer,Support,Navajo
365,Anett,Roberts,arobertsa4@archive.org,Software Consultant,Human Resources,Javanese
366,Gregor,Rodmell,grodmella5@pinterest.com,Biostatistician I,Marketing,Sindhi
367,Jerrilee,Kilcullen,jkilcullena6@examiner.com,VP Marketing,Business Development,Ndonga
368,Allegra,Yepiskopov,ayepiskopova7@census.gov,Marketing Assistant,Research and Development,Nepali
369,Crissie,Madgin,cmadgina8@samsung.com,Analyst Programmer,Accounting,Limburgan
370,Ealasaid,Munnion,emunniona9@creativecommons.org,Recruiter,Sales,"Bokmål, Norwegian"
371,Brita,Schurig,bschurigaa@rambler.ru,Programmer III,Sales,Quechua
372,Vivyan,Hellewell,vhellewellab@github.com,Senior Editor,Support,Maori
373,Cathyleen,Le Gall,clegallac@spotify.com,Director of Sales,Research and Development,Tswana
374,Salaidh,Coull,scoullad@skype.com,Editor,Training,Thai
375,Christiane,Cabral,ccabralae@bigcartel.com,Health Coach III,Business Development,"Sotho, Southern"
376,Nell,Burle,nburleaf@typepad.com,Financial Advisor,Accounting,Central Khmer
377,Batsheva,Roeby,broebyag@macromedia.com,Programmer II,Marketing,Swedish
378,Sampson,Binns,sbinnsah@abc.net.au,Physical Therapy Assistant,Legal,Church Slavic
379,Rosco,Lenoir,rlenoirai@deviantart.com,Administrative Assistant I,Support,Quechua
380,Stoddard,Hayesman,shayesmanaj@nature.com,Database Administrator III,Accounting,Slovak
381,Diana,Grainge,dgraingeak@zimbio.com,Assistant Professor,Training,Bulgarian
382,Flossy,Jacks,fjacksal@csmonitor.com,Account Coordinator,Business Development,Cornish
383,Coral,Gamell,cgamellam@example.com,Professor,Support,Norwegian
384,Tawsha,Timblett,ttimblettan@youtube.com,Research Nurse,Sales,Yoruba
385,Bentlee,O'Crotty,bocrottyao@java.com,Geologist II,Marketing,Swedish
386,Pierrette,Thing,pthingap@ycombinator.com,Biostatistician III,Product Management,Rundi
387,Urbanus,Feares,ufearesaq@ox.ac.uk,Assistant Media Planner,Human Resources,Albanian
388,Gianina,Spurett,gspurettar@sphinn.com,Business Systems Development Analyst,Support,Ossetian
389,Pavel,Longfellow,plongfellowas@vistaprint.com,Speech Pathologist,Sales,Albanian
390,Jamey,Berrycloth,jberryclothat@apple.com,Operator,Support,Dutch
391,Selina,Horburgh,shorburghau@wunderground.com,Physical Therapy Assistant,Human Resources,Bashkir
392,Christean,Ridd,criddav@amazon.com,Quality Control Specialist,Legal,Kashmiri
393,Torrin,Tidmas,ttidmasaw@delicious.com,Social Worker,Training,Herero
394,Sly,Petriello,spetrielloax@digg.com,VP Marketing,Human Resources,Swati
395,Selie,Float,sfloatay@businessinsider.com,Financial Advisor,Engineering,Lao
396,Laurena,Doughty,ldoughtyaz@google.es,Structural Analysis Engineer,Training,Sanskrit
397,Reube,Cleynaert,rcleynaertb0@reference.com,VP Product Management,Training,Basque
398,Quentin,Audibert,qaudibertb1@livejournal.com,Tax Accountant,Legal,Kuanyama
399,Timmy,Gait,tgaitb2@networkadvertising.org,Research Associate,Business Development,Xhosa
400,Chiquita,O'Griffin,cogriffinb3@opensource.org,Office Assistant I,Accounting,Belarusian
401,Belia,Hemstead,bhemsteadb4@unc.edu,Senior Quality Engineer,Research and Development,Estonian
402,Kari,Schach,kschachb5@about.me,Design Engineer,Research and Development,Slovenian
403,Aarika,Parrett,aparrettb6@naver.com,Financial Advisor,Marketing,Lingala
404,Denney,Gleadhall,dgleadhallb7@theglobeandmail.com,Project Manager,Research and Development,Malagasy
405,Nollie,Wollrauch,nwollrauchb8@wikipedia.org,Business Systems Development Analyst,Legal,Estonian
406,Ber,Flecknell,bflecknellb9@51.la,Quality Control Specialist,Product Management,Albanian
407,Patricio,Stealy,pstealyba@disqus.com,Chief Design Engineer,Product Management,Lingala
408,Ellerey,Brockman,ebrockmanbb@epa.gov,Speech Pathologist,Services,Walloon
409,Hedy,Topliss,htoplissbc@altervista.org,VP Accounting,Marketing,Norwegian
410,Fern,Hendrickx,fhendrickxbd@economist.com,Senior Sales Associate,Engineering,"Ndebele, North"
411,Fabio,Sloss,fslossbe@feedburner.com,Assistant Manager,Business Development,Luba-Katanga
412,Nealy,Hensmans,nhensmansbf@ihg.com,Sales Representative,Research and Development,Kirghiz
413,Tedda,Ruzek,truzekbg@storify.com,Internal Auditor,Services,Welsh
414,Zachary,Spridgeon,zspridgeonbh@pen.io,Director of Sales,Services,Tibetan
415,Theadora,Earey,teareybi@google.co.jp,Account Coordinator,Accounting,Ojibwa
416,Kiley,Felstead,kfelsteadbj@wikimedia.org,Assistant Professor,Product Management,Breton
417,Artus,Lanceter,alanceterbk@hp.com,Junior Executive,Sales,Javanese
418,Tris,Hunnaball,thunnaballbl@businessinsider.com,Data Coordinator,Services,Yoruba
419,Lari,Victory,lvictorybm@furl.net,Design Engineer,Human Resources,Javanese
420,Ewen,Chasson,echassonbn@google.de,Data Coordinator,Human Resources,Basque
421,Chandra,Oldcroft,coldcroftbo@creativecommons.org,Information Systems Manager,Product Management,Western Frisian
422,Dorian,Sinnie,dsinniebp@is.gd,Research Nurse,Human Resources,Japanese
423,Ameline,Pover,apoverbq@last.fm,Media Manager II,Legal,Abkhazian
424,Roberta,Grier,rgrierbr@mlb.com,Tax Accountant,Product Management,Kongo
425,Ian,Rubee,irubeebs@over-blog.com,Office Assistant III,Business Development,Hindi
426,Joanne,Heinssen,jheinssenbt@digg.com,Nurse Practicioner,Marketing,Hindi
427,Corrinne,Lewsam,clewsambu@sciencedirect.com,Senior Sales Associate,Legal,Fulah
428,Chane,Croster,ccrosterbv@clickbank.net,Account Representative IV,Product Management,Aymara
429,Nonie,Spofford,nspoffordbw@nyu.edu,Account Representative III,Sales,Norwegian Nynorsk
430,Faythe,Shevlin,fshevlinbx@mtv.com,Structural Engineer,Services,Tagalog
431,Roddy,Frude,rfrudeby@zimbio.com,GIS Technical Architect,Services,Luxembourgish
432,Aryn,Kyme,akymebz@answers.com,Automation Specialist III,Research and Development,Faroese
433,Jeffrey,Davidow,jdavidowc0@dion.ne.jp,Engineer III,Accounting,Thai
434,Bern,Jolland,bjollandc1@google.cn,Structural Engineer,Services,Kalaallisut
435,Jenni,Rosenshine,jrosenshinec2@4shared.com,Clinical Specialist,Sales,Tigrinya
436,Althea,William,awilliamc3@goo.gl,Occupational Therapist,Human Resources,Malagasy
437,Jakie,Janos,jjanosc4@1und1.de,Research Assistant III,Accounting,Oromo
438,Ivonne,Kimbrough,ikimbroughc5@psu.edu,Senior Cost Accountant,Human Resources,"Greek, Modern (1453-)"
439,Korella,Fidgin,kfidginc6@netlog.com,Mechanical Systems Engineer,Support,Zhuang
440,Caddric,MacKessock,cmackessockc7@infoseek.co.jp,Account Representative II,Engineering,Chichewa
441,Rosabelle,Ruusa,rruusac8@skype.com,VP Marketing,Human Resources,Ojibwa
442,Gary,Putton,gputtonc9@acquirethisname.com,Senior Quality Engineer,Business Development,Tajik
443,Elyn,Fritter,efritterca@squarespace.com,Analyst Programmer,Engineering,Venda
444,Saleem,Reek,sreekcb@istockphoto.com,Human Resources Manager,Human Resources,Occitan (post 1500)
445,Conney,Cottel,ccottelcc@yelp.com,Engineer II,Engineering,Avaric
446,Lora,Genever,lgenevercd@who.int,Recruiting Manager,Marketing,Panjabi
447,Kata,Shanklin,kshanklince@smugmug.com,Marketing Assistant,Marketing,Wolof
448,Florrie,Kilsby,fkilsbycf@sakura.ne.jp,Physical Therapy Assistant,Training,Danish
449,Mattheus,Lyttle,mlyttlecg@soup.io,Software Test Engineer I,Research and Development,Aymara
450,Binnie,Leuty,bleutych@posterous.com,Software Consultant,Accounting,Sinhala
451,Cariotta,Pendock,cpendockci@washington.edu,Environmental Specialist,Sales,Abkhazian
452,Kippie,Earles,kearlescj@gizmodo.com,Help Desk Operator,Accounting,Sardinian
453,Harriet,Jirik,hjirikck@chronoengine.com,Statistician III,Product Management,Rundi
454,Cecil,Legrand,clegrandcl@tiny.cc,Accounting Assistant III,Legal,Sanskrit
455,Ruthi,Toffolini,rtoffolinicm@digg.com,Speech Pathologist,Business Development,Ossetian
456,Yuri,Buller,ybullercn@pen.io,Sales Associate,Engineering,Interlingue
457,Vance,Roux,vrouxco@bloomberg.com,Financial Advisor,Engineering,Samoan
458,Melicent,Aspenlon,maspenloncp@wikimedia.org,VP Sales,Marketing,Xhosa
459,Daphna,Langcastle,dlangcastlecq@house.gov,Statistician I,Engineering,Herero
460,Raimundo,Semmens,rsemmenscr@google.it,Engineer II,Sales,Irish
461,Collette,Whall,cwhallcs@ca.gov,Account Coordinator,Accounting,Sardinian
462,Annalee,Chasteau,achasteauct@dailymail.co.uk,Assistant Manager,Research and Development,Maori
463,Deerdre,Ixor,dixorcu@skyrock.com,Geologist II,Business Development,Spanish
464,Moore,Eckart,meckartcv@craigslist.org,Human Resources Manager,Accounting,Wolof
465,Sydney,Lannon,slannoncw@dedecms.com,Internal Auditor,Engineering,Chichewa
466,Griffie,Portail,gportailcx@wikispaces.com,Structural Engineer,Services,Inuktitut
467,Isiahi,Geach,igeachcy@a8.net,Director of Sales,Legal,Samoan
468,Montague,Freeburn,mfreeburncz@github.io,Account Executive,Support,Swati
469,Sarene,Bartunek,sbartunekd0@cpanel.net,Accountant II,Services,Marshallese
470,Rodrique,Olanda,rolandad1@youtube.com,Structural Analysis Engineer,Support,Macedonian
471,Weylin,Lacaze,wlacazed2@wordpress.com,Structural Analysis Engineer,Human Resources,Finnish
472,Rubina,Loftin,rloftind3@360.cn,Payment Adjustment Coordinator,Human Resources,Japanese
473,Reinhard,MacShane,rmacshaned4@last.fm,Librarian,Accounting,Kannada
474,Jacquetta,Walstow,jwalstowd5@fotki.com,Web Designer III,Sales,Oromo
475,Althea,Drain,adraind6@nationalgeographic.com,Graphic Designer,Training,Norwegian Nynorsk
476,Darryl,MacGillicuddy,dmacgillicuddyd7@princeton.edu,GIS Technical Architect,Legal,Twi
477,Sharron,Gibbie,sgibbied8@woothemes.com,Professor,Marketing,Azerbaijani
478,Fredrick,Memory,fmemoryd9@hugedomains.com,Engineer III,Legal,Kurdish
479,Sullivan,Wiffield,swiffieldda@theguardian.com,Professor,Marketing,Sinhala
480,Keir,Mycroft,kmycroftdb@slate.com,Operator,Product Management,Venda
481,Berton,Durbin,bdurbindc@alibaba.com,Web Designer III,Accounting,Wolof
482,York,Verbrugge,yverbruggedd@tiny.cc,Registered Nurse,Business Development,Inuktitut
483,Em,Duberry,eduberryde@buzzfeed.com,Environmental Specialist,Support,Chamorro
484,Darya,Kermannes,dkermannesdf@washingtonpost.com,Software Test Engineer I,Legal,Gaelic
485,Luise,Casella,lcaselladg@usda.gov,General Manager,Sales,Mongolian
486,Susan,Llopis,sllopisdh@ow.ly,Financial Advisor,Training,Tibetan
487,Lindsey,Corre,lcorredi@jugem.jp,Administrative Officer,Marketing,Somali
488,Anna-diane,Medgwick,amedgwickdj@bloglovin.com,VP Accounting,Support,Mongolian
489,Barbabra,Kennington,bkenningtondk@sourceforge.net,Chief Design Engineer,Engineering,Haitian
490,Benny,Heamus,bheamusdl@mayoclinic.com,Database Administrator IV,Research and Development,Inuktitut
491,Tobit,Gemmell,tgemmelldm@cnn.com,Administrative Assistant III,Human Resources,Twi
492,Nicolle,Lilleyman,nlilleymandn@php.net,VP Sales,Marketing,Assamese
493,Patrice,Faithorn,pfaithorndo@wordpress.org,Programmer III,Services,Indonesian
494,Thoma,Miranda,tmirandadp@photobucket.com,Help Desk Operator,Services,Catalan
495,Clio,Pauley,cpauleydq@addthis.com,Dental Hygienist,Business Development,Japanese
496,Cyrill,Snawden,csnawdendr@yale.edu,Professor,Research and Development,Chamorro
497,Veda,Petschel,vpetschelds@sakura.ne.jp,Account Representative IV,Support,Haitian
498,Harland,Apthorpe,hapthorpedt@issuu.com,Statistician I,Services,Welsh
499,Sofie,Amoss,samossdu@posterous.com,VP Quality Control,Sales,Croatian
500,Isabelita,Fidele,ifideledv@ow.ly,Staff Scientist,Product Management,Chamorro
501,Stepha,Schaffler,sschafflerdw@quantcast.com,Computer Systems Analyst I,Training,Lao
502,Torry,Beverstock,tbeverstockdx@artisteer.com,Geologist II,Services,Romansh
503,Mickie,Maddrell,mmaddrelldy@berkeley.edu,Nuclear Power Engineer,Research and Development,Romanian
504,Patten,Nisard,pnisarddz@psu.edu,Payment Adjustment Coordinator,Accounting,Manx
505,Alejandra,Dewen,adewene0@webnode.com,Operator,Human Resources,Bulgarian
506,Lynea,Odde,loddee1@trellian.com,Programmer II,Engineering,Herero
507,Niven,Rapper,nrappere2@hud.gov,Senior Sales Associate,Services,Azerbaijani
508,Bjorn,Pala,bpalae3@google.nl,Safety Technician IV,Human Resources,Slovak
509,Lisabeth,Twitching,ltwitchinge4@umn.edu,Operator,Sales,Polish
510,Colin,Shearsby,cshearsbye5@vk.com,Web Developer I,Training,Azerbaijani
511,Finley,Samudio,fsamudioe6@godaddy.com,Web Developer IV,Sales,Twi
512,Estrella,Legan,elegane7@addtoany.com,Financial Analyst,Training,Bislama
513,Audie,Allenson,aallensone8@salon.com,GIS Technical Architect,Services,Akan
514,Hamish,St. Ledger,hstledgere9@scribd.com,Nuclear Power Engineer,Support,Malayalam
515,Caryl,Hinkins,chinkinsea@marketwatch.com,Nuclear Power Engineer,Legal,Polish
516,Lauraine,Allingham,lallinghameb@hibu.com,Geological Engineer,Product Management,Catalan
517,Daron,Ferier,dferierec@hugedomains.com,Professor,Accounting,Tonga (Tonga Islands)
518,Beale,Gotthard.sf,bgotthardsfed@printfriendly.com,Research Nurse,Accounting,Hindi
519,Calida,Narducci,cnarducciee@paypal.com,Actuary,Sales,Pushto
520,Howie,Atwill,hatwillef@upenn.edu,Database Administrator IV,Research and Development,Tsonga
521,Mickie,Fray,mfrayeg@dedecms.com,Marketing Manager,Research and Development,Russian
522,Ingmar,Guppy,iguppyeh@blogger.com,Analyst Programmer,Training,Thai
523,Ashlan,Tomaschke,atomaschkeei@skyrock.com,Assistant Professor,Human Resources,Maori
524,King,Matten,kmattenej@google.fr,General Manager,Research and Development,Somali
525,La verne,Perrington,lperringtonek@dedecms.com,Computer Systems Analyst I,Accounting,Kikuyu
526,Fanchon,Jaeggi,fjaeggiel@state.gov,Quality Engineer,Research and Development,Catalan
527,Jodi,Foxten,jfoxtenem@netlog.com,Financial Analyst,Research and Development,Uighur
528,Esta,Friend,efrienden@unblog.fr,Senior Sales Associate,Engineering,Catalan
529,Ileana,Phlippi,iphlippieo@xing.com,Technical Writer,Business Development,Nauru
530,Adela,Barnwille,abarnwilleep@imdb.com,Senior Financial Analyst,Marketing,Arabic
531,Eryn,Ferriere,eferriereeq@imageshack.us,Assistant Professor,Product Management,Occitan (post 1500)
532,Agace,Harvard,aharvarder@blogs.com,Research Associate,Business Development,Amharic
533,Tammara,McKaile,tmckailees@skype.com,Pharmacist,Legal,Uighur
534,Kassi,Borge,kborgeet@bbb.org,Librarian,Sales,Hebrew
535,Orbadiah,Sallings,osallingseu@simplemachines.org,Librarian,Product Management,Bulgarian
536,Isa,Sipson,isipsonev@msu.edu,Senior Quality Engineer,Legal,Kurdish
537,Agosto,Overnell,aovernellew@wisc.edu,Cost Accountant,Training,Akan
538,Tarrance,Jozefiak,tjozefiakex@wordpress.org,VP Marketing,Engineering,Mongolian
539,Aymer,Roocroft,aroocroftey@illinois.edu,Food Chemist,Research and Development,Javanese
540,Cairistiona,Ibbitt,cibbittez@digg.com,Health Coach III,Engineering,Finnish
541,Shepard,Burmaster,sburmasterf0@walmart.com,Systems Administrator III,Research and Development,Chechen
542,Felicdad,Howden,fhowdenf1@newyorker.com,Business Systems Development Analyst,Training,Slovak
543,Thorn,Pawlata,tpawlataf2@ezinearticles.com,Geologist IV,Sales,Russian
544,Karrie,Heyburn,kheyburnf3@usgs.gov,Media Manager II,Training,Azerbaijani
545,Cassie,Beinke,cbeinkef4@addtoany.com,General Manager,Support,Sango
546,Morrie,Frenzel;,mfrenzelf5@cbc.ca,Desktop Support Technician,Legal,Bulgarian
547,Aili,Copnell,acopnellf6@uiuc.edu,Administrative Officer,Human Resources,Dutch
548,Ulrike,McCloy,umccloyf7@webs.com,Speech Pathologist,Research and Development,Kanuri
549,Hunfredo,Drever,hdreverf8@rambler.ru,Software Consultant,Product Management,Afrikaans
550,Bathsheba,Arguile,barguilef9@bluehost.com,Software Engineer IV,Accounting,Japanese
551,Dinah,Dorr,ddorrfa@desdev.cn,Operator,Research and Development,Zhuang
552,Alisa,Daffern,adaffernfb@patch.com,Director of Sales,Business Development,Lingala
553,Christiano,Cricket,ccricketfc@tuttocitta.it,Marketing Manager,Business Development,Marshallese
554,Pancho,Callingham,pcallinghamfd@statcounter.com,VP Quality Control,Research and Development,Haitian
555,Jacquelynn,Ivankov,jivankovfe@is.gd,Quality Engineer,Human Resources,Latin
556,Sadella,Dulinty,sdulintyff@google.cn,Payment Adjustment Coordinator,Human Resources,Kirghiz
557,Jarid,Dalligan,jdalliganfg@nhs.uk,Data Coordinator,Business Development,Kinyarwanda
558,Tamar,Colliss,tcollissfh@drupal.org,Computer Systems Analyst I,Research and Development,Uighur
559,Shani,Lyven,slyvenfi@adobe.com,Accountant II,Legal,Kinyarwanda
560,Lynelle,Mateuszczyk,lmateuszczykfj@bing.com,Programmer II,Legal,Cornish
561,Jonah,Hampson,jhampsonfk@ucla.edu,Recruiter,Human Resources,"Ndebele, North"
562,Gavin,Merner,gmernerfl@gizmodo.com,Data Coordinator,Marketing,Kurdish
563,Maureen,Griffin,mgriffinfm@taobao.com,Civil Engineer,Legal,Twi
564,Had,Priter,hpriterfn@newyorker.com,Environmental Specialist,Legal,Lingala
565,Niccolo,Gidley,ngidleyfo@seesaa.net,Project Manager,Services,Kikuyu
566,Rubia,Scargill,rscargillfp@reuters.com,VP Accounting,Support,Estonian
567,Tripp,Dowthwaite,tdowthwaitefq@deviantart.com,Occupational Therapist,Engineering,Hausa
568,Pauly,O'Dowgaine,podowgainefr@earthlink.net,Payment Adjustment Coordinator,Marketing,Pushto
569,Madeleine,Kibel,mkibelfs@people.com.cn,Compensation Analyst,Research and Development,Portuguese
570,Hamilton,Beviss,hbevissft@list-manage.com,Help Desk Technician,Legal,Faroese
571,Del,Probbings,dprobbingsfu@pcworld.com,VP Sales,Legal,Church Slavic
572,Ernesta,Wattisham,ewattishamfv@hatena.ne.jp,Web Designer II,Services,Sindhi
573,Rudiger,Fairbourne,rfairbournefw@census.gov,Human Resources Assistant IV,Services,Swahili
574,Konstantin,Domotor,kdomotorfx@amazon.de,Occupational Therapist,Training,"Greek, Modern (1453-)"
575,Xylina,Greep,xgreepfy@economist.com,Safety Technician III,Accounting,Kikuyu
576,Stesha,Duddan,sduddanfz@hao123.com,Account Executive,Support,Sardinian
577,Edan,Warburton,ewarburtong0@tinyurl.com,Human Resources Manager,Marketing,Irish
578,Fiona,Youles,fyoulesg1@shutterfly.com,Technical Writer,Marketing,Kanuri
579,Menard,Abramamov,mabramamovg2@ifeng.com,Senior Cost Accountant,Business Development,Polish
580,Hillier,Conahy,hconahyg3@flickr.com,Environmental Tech,Business Development,Quechua
581,Staci,Dilley,sdilleyg4@businesswire.com,Community Outreach Specialist,Support,Bashkir
582,Derby,McKague,dmckagueg5@eepurl.com,Senior Financial Analyst,Accounting,Italian
583,Tamar,Lanham,tlanhamg6@ameblo.jp,Senior Sales Associate,Legal,Pali
584,Sib,Mullarkey,smullarkeyg7@discuz.net,Quality Engineer,Business Development,Kuanyama
585,Nichols,Koeppe,nkoeppeg8@amazon.co.uk,Health Coach III,Engineering,Walloon
586,Lamond,Fardon,lfardong9@clickbank.net,Environmental Tech,Research and Development,Welsh
587,Janeva,Jahnel,jjahnelga@xrea.com,Assistant Professor,Support,French
588,Malcolm,Korous,mkorousgb@cnbc.com,Assistant Professor,Legal,Tsonga
589,Padriac,Rusbridge,prusbridgegc@huffingtonpost.com,Assistant Media Planner,Human Resources,Uighur
590,Orville,Pickance,opickancegd@photobucket.com,VP Quality Control,Legal,Bambara
591,Shaun,Zamboniari,szamboniarige@twitpic.com,Account Representative III,Legal,Assamese
592,Alphonse,Capey,acapeygf@pinterest.com,Financial Analyst,Human Resources,Albanian
593,Lavinia,MacGaughy,lmacgaughygg@scribd.com,Chief Design Engineer,Training,Esperanto
594,Wallis,McGrorty,wmcgrortygh@epa.gov,Paralegal,Human Resources,Hiri Motu
595,Remy,Strickett,rstrickettgi@smugmug.com,Help Desk Operator,Engineering,Tamil
596,Keriann,Dutton,kduttongj@deviantart.com,Assistant Media Planner,Business Development,Ossetian
597,Mata,Huntley,mhuntleygk@flavors.me,Business Systems Development Analyst,Human Resources,Sinhala
598,Marje,Guinn,mguinngl@ibm.com,Mechanical Systems Engineer,Marketing,Tswana
599,Michael,Spittall,mspittallgm@globo.com,Nurse,Marketing,Akan
600,Adams,O'Shiels,aoshielsgn@mysql.com,Payment Adjustment Coordinator,Legal,Arabic
601,Pace,Nansom,pnansomgo@macromedia.com,Human Resources Assistant III,Sales,Bosnian
602,Nerita,Lazar,nlazargp@goo.gl,Geological Engineer,Human Resources,Ndonga
603,Laird,Eskrick,leskrickgq@scientificamerican.com,Desktop Support Technician,Services,Marathi
604,Tracie,Stafford,tstaffordgr@fotki.com,Account Representative II,Accounting,Tonga (Tonga Islands)
605,Beverie,Lintott,blintottgs@wordpress.com,Software Test Engineer II,Product Management,Quechua
606,Octavia,Basso,obassogt@hibu.com,Marketing Manager,Support,Chichewa
607,Wilden,McVicker,wmcvickergu@creativecommons.org,Dental Hygienist,Human Resources,Pali
608,Ermengarde,Kimmel,ekimmelgv@ihg.com,Civil Engineer,Legal,Venda
609,Sal,Culleton,sculletongw@bloglovin.com,Research Assistant III,Engineering,Afrikaans
610,Stearne,Portman,sportmangx@arstechnica.com,VP Marketing,Marketing,Panjabi
611,Balduin,Easseby,beassebygy@yahoo.com,Account Representative II,Business Development,Esperanto
612,Tommy,Hehnke,thehnkegz@businessweek.com,Analog Circuit Design manager,Business Development,Malagasy
613,Boycie,Britcher,bbritcherh0@nasa.gov,Speech Pathologist,Legal,Italian
614,Spenser,Langan,slanganh1@ocn.ne.jp,Computer Systems Analyst I,Research and Development,Hungarian
615,Briant,Walby,bwalbyh2@ehow.com,Automation Specialist II,Training,Kirghiz
616,Jephthah,Ronchetti,jronchettih3@uiuc.edu,Software Engineer IV,Research and Development,Macedonian
617,Annadiana,Deguara,adeguarah4@1688.com,VP Accounting,Product Management,Estonian
618,Jennifer,Harpin,jharpinh5@cloudflare.com,Analog Circuit Design manager,Sales,Ganda
619,Pebrook,Neller,pnellerh6@ca.gov,Biostatistician III,Product Management,Samoan
620,Symon,Sentinella,ssentinellah7@columbia.edu,Information Systems Manager,Marketing,Guarani
621,Libbey,Skedgell,lskedgellh8@google.com.au,Systems Administrator I,Support,Maltese
622,Sharl,Heaton,sheatonh9@google.com.au,Engineer II,Human Resources,Kanuri
623,Sanderson,Wickwar,swickwarha@usda.gov,Nurse Practicioner,Marketing,Dzongkha
624,Agnola,Nazareth,anazarethhb@facebook.com,Staff Accountant I,Business Development,Vietnamese
625,Quillan,McChesney,qmcchesneyhc@lycos.com,Accountant I,Marketing,Bengali
626,Corbin,Stainburn,cstainburnhd@senate.gov,Quality Engineer,Marketing,Hausa
627,Erinn,Andres,eandreshe@myspace.com,Financial Analyst,Training,Swedish
628,Sibylla,Ulyat,sulyathf@vistaprint.com,Account Coordinator,Legal,Tsonga
629,Hasheem,Benitti,hbenittihg@pinterest.com,Systems Administrator III,Research and Development,Russian
630,Averill,Sapena,asapenahh@cyberchimps.com,Registered Nurse,Services,Korean
631,Mar,Abbiss,mabbisshi@bloglovin.com,Physical Therapy Assistant,Legal,Basque
632,Ignace,Colvie,icolviehj@wp.com,Environmental Tech,Marketing,Hindi
633,Terencio,Spellworth,tspellworthhk@cornell.edu,Recruiter,Product Management,Haitian
634,Gennifer,Phebee,gphebeehl@amazon.co.uk,Senior Financial Analyst,Legal,Gujarati
635,Jozef,Frany,jfranyhm@hubpages.com,Assistant Manager,Sales,Sichuan Yi
636,Peter,Olivelli,polivellihn@simplemachines.org,Senior Quality Engineer,Human Resources,Romanian
637,Nikolia,Simonsen,nsimonsenho@fda.gov,Software Test Engineer I,Sales,Macedonian
638,Jacqui,Pods,jpodshp@paginegialle.it,Senior Financial Analyst,Human Resources,Italian
639,Fleurette,Bunten,fbuntenhq@devhub.com,Engineer III,Product Management,Navajo
640,Randie,Brettelle,rbrettellehr@ucoz.com,Assistant Professor,Accounting,Sichuan Yi
641,Nadia,Croxley,ncroxleyhs@gov.uk,Research Associate,Legal,Estonian
642,Karlis,Kemm,kkemmht@fastcompany.com,Assistant Media Planner,Accounting,Fulah
643,Donavon,Keirl,dkeirlhu@t-online.de,Food Chemist,Marketing,Dzongkha
644,Thorstein,Gedling,tgedlinghv@studiopress.com,Staff Accountant III,Business Development,Japanese
645,Ad,Ayto,aaytohw@eventbrite.com,Programmer Analyst I,Accounting,German
646,Kaleena,Polding,kpoldinghx@privacy.gov.au,Sales Associate,Business Development,Avestan
647,Guy,Foulser,gfoulserhy@bandcamp.com,Senior Quality Engineer,Sales,Serbian
648,Rita,Rosengren,rrosengrenhz@alibaba.com,Structural Engineer,Legal,Uighur
649,Geri,Hillum,ghillumi0@yellowpages.com,Assistant Professor,Product Management,French
650,Filide,Churches,fchurchesi1@blog.com,Staff Accountant IV,Engineering,Ido
651,Danya,Damiata,ddamiatai2@fotki.com,Systems Administrator I,Business Development,Ndonga
652,Mattie,Nevitt,mnevitti3@imgur.com,Environmental Specialist,Accounting,Hiri Motu
653,Winnie,Khoter,wkhoteri4@ehow.com,Tax Accountant,Product Management,Hebrew
654,Chane,Iredell,ciredelli5@cocolog-nifty.com,Account Executive,Services,Slovak
655,Marga,Chasemore,mchasemorei6@nationalgeographic.com,Web Developer I,Marketing,Oriya
656,Tammara,Davitti,tdavittii7@barnesandnoble.com,Project Manager,Legal,Croatian
657,Chen,Brien,cbrieni8@wunderground.com,VP Marketing,Accounting,English
658,Simmonds,Stooke,sstookei9@slashdot.org,Director of Sales,Services,Sanskrit
659,Deloria,O'Lagene,dolageneia@posterous.com,Human Resources Manager,Support,Malayalam
660,Griffith,Daspar,gdasparib@bbb.org,Recruiter,Marketing,Cornish
661,Spencer,Iacopo,siacopoic@addthis.com,Staff Scientist,Research and Development,Cree
662,Marquita,Binning,mbinningid@yahoo.com,Food Chemist,Product Management,Somali
663,Anna-diana,Harlett,aharlettie@reddit.com,Account Coordinator,Engineering,German
664,Aubree,Lippo,alippoif@newsvine.com,Senior Cost Accountant,Research and Development,Central Khmer
665,Fae,Klosterman,fklostermanig@youtu.be,Senior Developer,Human Resources,Fijian
666,Seymour,Kondratowicz,skondratowiczih@hexun.com,Research Associate,Support,Xhosa
667,Rozamond,Dohms,rdohmsii@amazon.co.uk,Software Consultant,Legal,Venda
668,Ealasaid,Danilovic,edanilovicij@earthlink.net,Chief Design Engineer,Product Management,Komi
669,Evelina,Casarili,ecasariliik@ihg.com,Occupational Therapist,Accounting,Cree
670,Camile,Santos,csantosil@theglobeandmail.com,Account Representative IV,Training,Corsican
671,Carling,Rosi,crosiim@paypal.com,Help Desk Technician,Accounting,Azerbaijani
672,Geordie,Salliere,gsallierein@pen.io,Pharmacist,Research and Development,Zulu
673,Elfrieda,Dadson,edadsonio@yellowpages.com,Civil Engineer,Training,Uighur
674,Humphrey,Paddock,hpaddockip@dailymail.co.uk,Quality Engineer,Services,Interlingue
675,Bruno,Toulamain,btoulamainiq@accuweather.com,Structural Engineer,Human Resources,Belarusian
676,Rafaello,Rudolfer,rrudolferir@gravatar.com,Social Worker,Business Development,Shona
677,Anica,Benam,abenamis@sfgate.com,Dental Hygienist,Legal,Sango
678,Shellie,Dumingos,sdumingosit@wp.com,Assistant Media Planner,Services,Assamese
679,Nicolais,Hulle,nhulleiu@usatoday.com,Statistician I,Human Resources,Norwegian Nynorsk
680,Chico,Landell,clandelliv@edublogs.org,Environmental Specialist,Support,Kalaallisut
681,Evaleen,Huison,ehuisoniw@smh.com.au,Information Systems Manager,Training,Aragonese
682,Slade,Labusquiere,slabusquiereix@cbslocal.com,Legal Assistant,Human Resources,"Bokmål, Norwegian"
683,Lindsay,Stummeyer,lstummeyeriy@craigslist.org,Programmer II,Accounting,Walloon
684,Jammie,Wightman,jwightmaniz@example.com,Health Coach IV,Services,Ossetian
685,Gerianne,Nutley,gnutleyj0@gravatar.com,Sales Representative,Research and Development,Bislama
686,Ula,Prettyman,uprettymanj1@bloglovin.com,Developer II,Marketing,Tswana
687,Dominique,Beesley,dbeesleyj2@multiply.com,Biostatistician III,Training,Galician
688,Jack,Barabisch,jbarabischj3@weibo.com,Computer Systems Analyst I,Human Resources,Bislama
689,Marni,Chapelle,mchapellej4@scribd.com,Accounting Assistant I,Accounting,Zulu
690,Fleur,Pitchers,fpitchersj5@oakley.com,Tax Accountant,Accounting,Volapük
691,Nat,Jeduch,njeduchj6@netlog.com,Dental Hygienist,Legal,Marshallese
692,Kristofer,Quinlan,kquinlanj7@sbwire.com,Senior Financial Analyst,Sales,Avaric
693,Christan,Tremellier,ctremellierj8@bravesites.com,Nuclear Power Engineer,Legal,Icelandic
694,Blanch,McConnulty,bmcconnultyj9@nps.gov,Analog Circuit Design manager,Services,Oriya
695,Abdul,Sercombe,asercombeja@yolasite.com,Senior Cost Accountant,Research and Development,Fijian
696,Benedetta,Gecke,bgeckejb@technorati.com,Data Coordinator,Business Development,Polish
697,Babette,Cicerone,bciceronejc@smugmug.com,Account Executive,Sales,Bengali
698,Ariella,Willmett,awillmettjd@desdev.cn,Internal Auditor,Sales,Herero
699,Gilbert,Exeter,gexeterje@ovh.net,Help Desk Operator,Legal,Macedonian
700,Bernadene,Belone,bbelonejf@nih.gov,Marketing Assistant,Engineering,"Greek, Modern (1453-)"
701,Daveta,Valentelli,dvalentellijg@lulu.com,General Manager,Accounting,Tatar
702,Marlee,Dello,mdellojh@google.es,Payment Adjustment Coordinator,Support,Galician
703,Hermie,Straine,hstraineji@biglobe.ne.jp,Research Nurse,Accounting,Malay
704,Stavro,Brockington,sbrockingtonjj@ameblo.jp,Editor,Training,Galician
705,Weylin,Auchterlony,wauchterlonyjk@merriam-webster.com,Human Resources Manager,Engineering,Uighur
706,Even,Mountjoy,emountjoyjl@skyrock.com,Administrative Assistant IV,Research and Development,Tswana
707,Debra,Gummoe,dgummoejm@spotify.com,VP Quality Control,Engineering,Javanese
708,Isaac,Trenoweth,itrenowethjn@webs.com,Data Coordinator,Business Development,Ndonga
709,Elise,Girardet,egirardetjo@multiply.com,Social Worker,Business Development,Chichewa
710,Kirsteni,Jeratt,kjerattjp@yale.edu,Speech Pathologist,Human Resources,Catalan
711,Lewiss,Terry,lterryjq@networksolutions.com,Health Coach IV,Human Resources,Turkish
712,Kathe,Beames,kbeamesjr@si.edu,Developer I,Training,Kuanyama
713,Sheree,De Roos,sderoosjs@is.gd,Professor,Accounting,Basque
714,Brinn,Ricca,briccajt@paginegialle.it,Geologist II,Training,Quechua
715,Ruthe,Elderton,reldertonju@about.me,Senior Quality Engineer,Legal,Nauru
716,Odelle,Scotson,oscotsonjv@sciencedirect.com,Account Representative IV,Product Management,Swedish
717,Ulrikaumeko,Sorro,usorrojw@sohu.com,Registered Nurse,Engineering,Welsh
718,Gayler,Russi,grussijx@reference.com,Research Associate,Engineering,Breton
719,Giuseppe,Cowland,gcowlandjy@dot.gov,Media Manager IV,Marketing,Chinese
720,Ludvig,Southwell,lsouthwelljz@com.com,Paralegal,Support,Javanese
721,Arley,Coey,acoeyk0@behance.net,Pharmacist,Training,Sundanese
722,Cherri,Hasloch,chaslochk1@blog.com,Research Nurse,Training,"Ndebele, North"
723,Selene,Dowtry,sdowtryk2@alibaba.com,Human Resources Assistant III,Sales,Nepali
724,Shaylah,Biernacki,sbiernackik3@irs.gov,Technical Writer,Support,Malay
725,Dehlia,Le Grys,dlegrysk4@goo.gl,Programmer IV,Business Development,Welsh
726,Clayton,Capp,ccappk5@pen.io,Speech Pathologist,Human Resources,Malagasy
727,Sibel,Print,sprintk6@bing.com,Senior Financial Analyst,Research and Development,Maltese
728,Julee,Fligg,jfliggk7@boston.com,Geological Engineer,Engineering,Northern Sami
729,Alfons,Smethurst,asmethurstk8@cbc.ca,Account Coordinator,Marketing,Ido
730,Flo,Fullicks,ffullicksk9@fc2.com,Computer Systems Analyst II,Research and Development,Occitan (post 1500)
731,Ware,Mazin,wmazinka@umn.edu,Nurse,Business Development,Herero
732,Mary,Boorne,mboornekb@ow.ly,Engineer I,Product Management,Tatar
733,Penn,Lorrimer,plorrimerkc@simplemachines.org,Business Systems Development Analyst,Business Development,Korean
734,Jens,Stock,jstockkd@princeton.edu,VP Marketing,Engineering,Avaric
735,Cherin,Kristiansen,ckristiansenke@si.edu,Compensation Analyst,Human Resources,Portuguese
736,Otto,Wesker,oweskerkf@mtv.com,Teacher,Human Resources,Sinhala
737,Zonda,Rachuig,zrachuigkg@house.gov,Account Coordinator,Research and Development,Thai
738,Valery,Brunning,vbrunningkh@last.fm,Payment Adjustment Coordinator,Sales,Persian
739,Claudian,Mates,cmateski@ft.com,Senior Sales Associate,Research and Development,Norwegian Nynorsk
740,Peta,Roake,proakekj@yahoo.com,Tax Accountant,Product Management,Kurdish
741,Massimiliano,Muzzollo,mmuzzollokk@about.me,Senior Developer,Research and Development,Malayalam
742,Flin,Rudeyeard,frudeyeardkl@businesswire.com,Assistant Manager,Accounting,Latvian
743,Debbi,De Gowe,ddegowekm@walmart.com,Senior Editor,Accounting,"Bokmål, Norwegian"
744,Ted,Easterby,teasterbykn@xing.com,Actuary,Legal,Welsh
745,Brok,Gerhardt,bgerhardtko@toplist.cz,Geological Engineer,Accounting,Bulgarian
746,Benny,Divis,bdiviskp@dmoz.org,Human Resources Assistant IV,Human Resources,Chuvash
747,Meryl,Barenski,mbarenskikq@skyrock.com,Account Representative IV,Research and Development,Italian
748,Carin,Adamson,cadamsonkr@multiply.com,Civil Engineer,Accounting,Marshallese
749,Ethelyn,Lorrie,elorrieks@biblegateway.com,Tax Accountant,Legal,Chinese
750,Raeann,Aspinwall,raspinwallkt@wired.com,Librarian,Training,Marshallese
751,Daffy,Sauvan,dsauvanku@cocolog-nifty.com,Senior Cost Accountant,Services,Inupiaq
752,Kylie,Sivyour,ksivyourkv@example.com,Operator,Training,Lithuanian
753,Curr,Wellfare,cwellfarekw@google.com.hk,Senior Financial Analyst,Business Development,Slovak
754,Elston,Remnant,eremnantkx@samsung.com,Occupational Therapist,Research and Development,Yiddish
755,Parry,Flockhart,pflockhartky@yelp.com,Engineer III,Business Development,Igbo
756,Reggie,Dohmann,rdohmannkz@weebly.com,VP Product Management,Support,Gaelic
757,Robers,Janc,rjancl0@qq.com,Associate Professor,Human Resources,Telugu
758,Arleyne,MacKettrick,amackettrickl1@networksolutions.com,Software Engineer III,Training,Pali
759,Nikoletta,Larive,nlarivel2@ucsd.edu,Help Desk Operator,Legal,"Ndebele, South"
760,Dillie,Pover,dpoverl3@hud.gov,Assistant Media Planner,Marketing,Serbian
761,Cece,Mulhall,cmulhalll4@meetup.com,Automation Specialist I,Research and Development,Avaric
762,Sorcha,McVane,smcvanel5@sohu.com,Marketing Assistant,Training,Shona
763,Tades,Benito,tbenitol6@springer.com,Software Test Engineer II,Research and Development,Aragonese
764,Joby,Woodbridge,jwoodbridgel7@google.cn,Help Desk Operator,Legal,Korean
765,Kristin,Pigott,kpigottl8@rambler.ru,Paralegal,Business Development,Galician
766,Farris,Greenhowe,fgreenhowel9@symantec.com,Cost Accountant,Legal,Sinhala
767,Datha,McKeevers,dmckeeversla@gravatar.com,Civil Engineer,Sales,Danish
768,Barry,Beldam,bbeldamlb@guardian.co.uk,Account Representative IV,Training,Swedish
769,Sven,Barkaway,sbarkawaylc@yelp.com,Technical Writer,Marketing,Urdu
770,Mavra,Nijs,mnijsld@europa.eu,Occupational Therapist,Support,Albanian
771,Talyah,Barchrameev,tbarchrameevle@ftc.gov,VP Accounting,Support,Swati
772,Josey,Bilton,jbiltonlf@bizjournals.com,Senior Cost Accountant,Research and Development,"Ndebele, South"
773,Leonidas,Shakspeare,lshakspearelg@amazonaws.com,Structural Analysis Engineer,Marketing,Ewe
774,Mauricio,Smoth,msmothlh@studiopress.com,Structural Engineer,Engineering,Guarani
775,Heather,Deal,hdealli@princeton.edu,Editor,Accounting,Assamese
776,Alyssa,Taggert,ataggertlj@abc.net.au,Project Manager,Marketing,Kuanyama
777,Gardner,Pimblott,gpimblottlk@people.com.cn,Associate Professor,Accounting,Georgian
778,Gratiana,Temple,gtemplell@skype.com,Tax Accountant,Human Resources,Malay
779,Christalle,Spores,csporeslm@webmd.com,Research Nurse,Product Management,Esperanto
780,Brand,Winyard,bwinyardln@bloglovin.com,Electrical Engineer,Human Resources,Arabic
781,Christal,Burl,cburllo@edublogs.org,Financial Advisor,Research and Development,Sanskrit
782,Fayth,Bellelli,fbellellilp@sourceforge.net,Teacher,Support,Ido
783,Harriette,Corn,hcornlq@xinhuanet.com,Administrative Officer,Business Development,Chamorro
784,Cristionna,Jacobbe,cjacobbelr@zdnet.com,Help Desk Technician,Research and Development,Faroese
785,Ellette,Drakes,edrakesls@pbs.org,Accounting Assistant III,Business Development,Ukrainian
786,Culley,Ellcock,cellcocklt@tripadvisor.com,Statistician IV,Legal,Ndonga
787,Vincent,Esslement,vesslementlu@digg.com,Senior Cost Accountant,Business Development,Dzongkha
788,Wilhelmina,Goodoune,wgoodounelv@twitter.com,Data Coordinator,Training,Turkmen
789,Gauthier,Harbin,gharbinlw@furl.net,Account Coordinator,Training,Ganda
790,Reynolds,Clementi,rclementilx@jigsy.com,Safety Technician IV,Training,Bengali
791,Shelby,Mackie,smackiely@google.com.au,VP Sales,Training,Kazakh
792,Ephrayim,Wagstaff,ewagstafflz@naver.com,Environmental Specialist,Product Management,Pali
793,Emilia,Matisse,ematissem0@surveymonkey.com,Librarian,Marketing,Sundanese
794,Cosette,Boulde,cbouldem1@flavors.me,Librarian,Services,Ojibwa
795,Somerset,Youthed,syouthedm2@jugem.jp,Software Test Engineer I,Support,Limburgan
796,Chelsey,Anthoine,canthoinem3@ifeng.com,Environmental Tech,Accounting,Limburgan
797,Marillin,Pichan,mpichanm4@networksolutions.com,Structural Analysis Engineer,Marketing,Kashmiri
798,Vanessa,Patershall,vpatershallm5@ox.ac.uk,General Manager,Product Management,Chuvash
799,Karoly,Stillgoe,kstillgoem6@umn.edu,Electrical Engineer,Product Management,Tatar
800,Haslett,Ginnaly,hginnalym7@gizmodo.com,Office Assistant IV,Research and Development,Polish
801,Carver,Paireman,cpairemanm8@businessinsider.com,Assistant Professor,Product Management,Cornish
802,Hilarius,Bickley,hbickleym9@ted.com,Chief Design Engineer,Research and Development,Romanian
803,Nikita,Shimman,nshimmanma@unblog.fr,Research Assistant III,Services,Basque
804,Marjy,Firebrace,mfirebracemb@etsy.com,Occupational Therapist,Legal,Finnish
805,Fallon,Kleinbaum,fkleinbaummc@comcast.net,Financial Analyst,Legal,Urdu
806,Margaretta,Leppingwell,mleppingwellmd@woothemes.com,VP Accounting,Legal,Uighur
807,Aili,Arnely,aarnelyme@weather.com,Community Outreach Specialist,Training,Macedonian
808,Indira,Dettmar,idettmarmf@php.net,Budget/Accounting Analyst III,Business Development,"Ndebele, North"
809,Aidan,Philipeau,aphilipeaumg@cafepress.com,Account Coordinator,Sales,Javanese
810,Augusta,Son,asonmh@friendfeed.com,Registered Nurse,Product Management,Danish
811,Florance,O'Loughane,foloughanemi@washington.edu,Office Assistant IV,Sales,Ojibwa
812,Carlyn,Coen,ccoenmj@discovery.com,Pharmacist,Research and Development,Akan
813,Jerrilyn,Dennitts,jdennittsmk@bloglovin.com,Payment Adjustment Coordinator,Training,Kinyarwanda
814,Brennen,Drakers,bdrakersml@vistaprint.com,Automation Specialist IV,Services,Twi
815,Weider,Legrand,wlegrandmm@youtube.com,Professor,Sales,Sundanese
816,Odetta,Harmston,oharmstonmn@dailymail.co.uk,Engineer I,Research and Development,Swati
817,Mandie,Kettoe,mkettoemo@ning.com,Senior Quality Engineer,Business Development,Swahili
818,Clarinda,Coorington,ccooringtonmp@privacy.gov.au,Analog Circuit Design manager,Engineering,Bashkir
819,Blanca,Doche,bdochemq@friendfeed.com,Nuclear Power Engineer,Research and Development,Quechua
820,Dianne,Worms,dwormsmr@tripadvisor.com,Computer Systems Analyst III,Training,Ewe
821,Allison,Rengger,arenggerms@etsy.com,Occupational Therapist,Marketing,Faroese
822,Cyrus,Carthy,ccarthymt@exblog.jp,Automation Specialist I,Product Management,Ukrainian
823,Elvera,Roper,eropermu@wordpress.com,Physical Therapy Assistant,Training,Guarani
824,Kari,Castillo,kcastillomv@unicef.org,Actuary,Legal,Telugu
825,Edwina,Dey,edeymw@weebly.com,Systems Administrator I,Research and Development,Bislama
826,Vally,Burn,vburnmx@vimeo.com,Assistant Manager,Services,Kongo
827,Lilyan,Crump,lcrumpmy@salon.com,Occupational Therapist,Training,Zulu
828,Wallis,Symcock,wsymcockmz@imdb.com,Teacher,Support,Gujarati
829,Andrei,Grayshon,agrayshonn0@google.com.au,Nurse,Product Management,Malay
830,Jazmin,Cowitz,jcowitzn1@adobe.com,Biostatistician III,Engineering,Ganda
831,Prudi,Ropp,proppn2@deviantart.com,Geologist III,Research and Development,Bashkir
832,Simon,Saterweyte,ssaterweyten3@example.com,Administrative Officer,Services,Zulu
833,Zollie,McBrier,zmcbriern4@china.com.cn,Marketing Manager,Services,Tahitian
834,Brittaney,Comins,bcominsn5@discuz.net,Account Coordinator,Sales,Oromo
835,Daren,Rubertis,drubertisn6@amazon.co.jp,Systems Administrator I,Legal,Sundanese
836,Quintana,Butchers,qbutchersn7@marriott.com,Geological Engineer,Training,Fijian
837,Skip,Gabala,sgabalan8@list-manage.com,Engineer II,Human Resources,Assamese
838,Dulce,Peyton,dpeytonn9@etsy.com,Software Engineer III,Support,Hausa
839,Catherin,Bultitude,cbultitudena@comsenz.com,Safety Technician IV,Accounting,Tswana
840,Lezley,Grzeszczyk,lgrzeszczyknb@nps.gov,Staff Accountant I,Training,Javanese
841,Noelani,Childes,nchildesnc@cpanel.net,Accounting Assistant II,Services,Northern Sami
842,Desmond,Goney,dgoneynd@google.com.hk,Marketing Assistant,Research and Development,Bulgarian
843,Fanchon,Cruttenden,fcruttendenne@amazon.de,Technical Writer,Services,Cornish
844,Davey,Kegg,dkeggnf@google.ru,Social Worker,Legal,Oromo
845,Clark,Lawry,clawryng@edublogs.org,Social Worker,Sales,Lingala
846,Jacquetta,Winchester,jwinchesternh@google.pl,Design Engineer,Support,Swahili
847,Homere,Touret,htouretni@who.int,VP Product Management,Engineering,Aragonese
848,Ranee,Leggon,rleggonnj@cyberchimps.com,Statistician III,Business Development,Catalan
849,Nollie,Hookes,nhookesnk@imdb.com,Senior Developer,Research and Development,Ganda
850,Pierre,McShee,pmcsheenl@theatlantic.com,Physical Therapy Assistant,Marketing,Marathi
851,Osbourne,Sleight,osleightnm@163.com,Clinical Specialist,Services,Sanskrit
852,Doreen,O'Halleghane,dohalleghanenn@webeden.co.uk,Systems Administrator I,Legal,Finnish
853,Xymenes,Tansly,xtanslyno@webmd.com,Social Worker,Accounting,Faroese
854,Natka,Lynnitt,nlynnittnp@smugmug.com,Speech Pathologist,Human Resources,Fijian
855,Mathian,Lantiff,mlantiffnq@merriam-webster.com,Technical Writer,Training,Romanian
856,Justina,Routhorn,jrouthornnr@usatoday.com,VP Marketing,Marketing,Hebrew
857,Mitch,Cheltnam,mcheltnamns@flickr.com,Senior Quality Engineer,Sales,Lithuanian
858,Hedwig,Beels,hbeelsnt@yelp.com,Web Designer II,Accounting,Nepali
859,Donny,Macklam,dmacklamnu@technorati.com,Teacher,Research and Development,Interlingua (International Auxiliary Language Association)
860,Bernie,Clemes,bclemesnv@virginia.edu,Registered Nurse,Engineering,"Ndebele, North"
861,Dallis,Pownall,dpownallnw@washington.edu,Financial Advisor,Marketing,Ganda
862,Antonie,Print,aprintnx@ehow.com,Accounting Assistant I,Marketing,Marathi
863,Chadd,Shew,cshewny@npr.org,Analyst Programmer,Support,Irish
864,Dominick,Rainton,draintonnz@japanpost.jp,Operator,Sales,Northern Sami
865,Blair,Dulen,bduleno0@prnewswire.com,Data Coordinator,Product Management,Urdu
866,Alia,Stanier,astaniero1@bravesites.com,Recruiter,Product Management,Assamese
867,Keefe,Baudic,kbaudico2@microsoft.com,Civil Engineer,Services,Venda
868,Netty,Couvert,ncouverto3@uiuc.edu,Financial Advisor,Legal,Dutch
869,Guy,Rawet,graweto4@bluehost.com,Safety Technician I,Sales,Tsonga
870,Denni,Rhymes,drhymeso5@reference.com,Professor,Product Management,Abkhazian
871,Becki,Fardo,bfardoo6@cnbc.com,VP Product Management,Support,Luxembourgish
872,Eloisa,Addicott,eaddicotto7@clickbank.net,Associate Professor,Engineering,Limburgan
873,Conn,O'Luby,colubyo8@over-blog.com,Associate Professor,Product Management,Esperanto
874,Katha,O' Sullivan,kosullivano9@netlog.com,Web Designer III,Engineering,Ganda
875,Ripley,Sowerby,rsowerbyoa@google.es,VP Marketing,Training,Xhosa
876,Hirsch,Rushworth,hrushworthob@naver.com,Civil Engineer,Sales,Hungarian
877,Leonore,Henrichsen,lhenrichsenoc@istockphoto.com,Civil Engineer,Marketing,Estonian
878,Hill,Edess,hedessod@samsung.com,Recruiter,Accounting,Ossetian
879,Burke,MacKaig,bmackaigoe@independent.co.uk,Analog Circuit Design manager,Accounting,Manx
880,Sheppard,Gallally,sgallallyof@hao123.com,Technical Writer,Research and Development,Danish
881,Ranique,Davioud,rdavioudog@google.de,Accounting Assistant IV,Legal,Danish
882,Maximilien,Escoffier,mescoffieroh@dion.ne.jp,Human Resources Manager,Business Development,Afar
883,Launce,D'Alwis,ldalwisoi@e-recht24.de,Account Executive,Business Development,"Bokmål, Norwegian"
884,Julita,Pifford,jpiffordoj@photobucket.com,Budget/Accounting Analyst II,Accounting,Kannada
885,Suki,MacCawley,smaccawleyok@google.com.au,Sales Representative,Business Development,Yoruba
886,Tommie,Lerohan,tlerohanol@blogtalkradio.com,Analyst Programmer,Legal,Lao
887,Robers,Darkott,rdarkottom@cisco.com,Staff Scientist,Accounting,Oromo
888,Frants,Wallentin,fwallentinon@photobucket.com,Statistician II,Marketing,Tswana
889,Lolly,Python,lpythonoo@marketwatch.com,Assistant Manager,Sales,Uzbek
890,Oswell,Glide,oglideop@moonfruit.com,Assistant Professor,Human Resources,Aragonese
891,Irwin,Heddon,iheddonoq@ning.com,GIS Technical Architect,Engineering,Esperanto
892,Chev,Quantrell,cquantrellor@dropbox.com,Software Engineer II,Product Management,Maori
893,Cameron,Simmens,csimmensos@g.co,Social Worker,Training,Ewe
894,Edithe,Esler,eeslerot@nba.com,Data Coordinator,Engineering,Urdu
895,Emmit,Easum,eeasumou@i2i.jp,Electrical Engineer,Accounting,Armenian
896,Pietrek,Simonitto,psimonittoov@house.gov,Assistant Media Planner,Human Resources,Church Slavic
897,Neely,Braim,nbraimow@eventbrite.com,Structural Analysis Engineer,Sales,Haitian
898,Catina,Segrave,csegraveox@paginegialle.it,Speech Pathologist,Human Resources,Nepali
899,Callean,Mozzetti,cmozzettioy@lycos.com,Speech Pathologist,Research and Development,Bislama
900,Josefa,Stammirs,jstammirsoz@hostgator.com,Research Nurse,Research and Development,Fulah
901,Nicholle,Ruffell,nruffellp0@usa.gov,Geological Engineer,Support,Amharic
902,Ly,Edowes,ledowesp1@cbc.ca,Health Coach IV,Sales,Kazakh
903,Hedda,Buscombe,hbuscombep2@wired.com,Human Resources Manager,Research and Development,Igbo
904,Barbaraanne,Elliott,belliottp3@nature.com,Chemical Engineer,Sales,Latvian
905,Sonnnie,MacCombe,smaccombep4@slashdot.org,Nuclear Power Engineer,Marketing,Serbian
906,Dehlia,Laven,dlavenp5@squidoo.com,Technical Writer,Business Development,Telugu
907,Gennie,Lago,glagop6@springer.com,Software Consultant,Legal,Polish
908,Lennie,Crewdson,lcrewdsonp7@ca.gov,Account Representative IV,Legal,Dutch
909,Gaspar,Whiles,gwhilesp8@multiply.com,Physical Therapy Assistant,Product Management,Kalaallisut
910,Curtis,Lavens,clavensp9@netlog.com,Assistant Manager,Training,Church Slavic
911,Nola,Pennuzzi,npennuzzipa@patch.com,Business Systems Development Analyst,Support,Faroese
912,Darren,Kitcherside,dkitchersidepb@behance.net,Senior Sales Associate,Engineering,Shona
913,Murray,Satteford,msattefordpc@reddit.com,Financial Advisor,Engineering,Somali
914,Spense,Elloway,sellowaypd@sfgate.com,VP Accounting,Services,Cree
915,Quentin,Eingerfield,qeingerfieldpe@vk.com,Nurse,Support,Sichuan Yi
916,Ronnie,Di Giacomettino,rdigiacomettinopf@usda.gov,Assistant Manager,Training,"Sotho, Southern"
917,Pris,Ivantyev,pivantyevpg@pbs.org,GIS Technical Architect,Business Development,Kuanyama
918,Nicky,Fardy,nfardyph@vkontakte.ru,Information Systems Manager,Engineering,Norwegian Nynorsk
919,Kerrin,Winspear,kwinspearpi@rediff.com,Internal Auditor,Product Management,Norwegian Nynorsk
920,Charlotta,Olijve,colijvepj@tuttocitta.it,Legal Assistant,Business Development,Telugu
921,Madelyn,Fantham,mfanthampk@ucsd.edu,Mechanical Systems Engineer,Training,Church Slavic
922,Maryl,Cordes,mcordespl@aol.com,Software Engineer I,Support,Western Frisian
923,Nerti,Gossage,ngossagepm@princeton.edu,Statistician IV,Training,Lithuanian
924,Garrek,Keough,gkeoughpn@washington.edu,Geologist III,Services,Zulu
925,Stephannie,Gilliam,sgilliampo@parallels.com,Dental Hygienist,Human Resources,Esperanto
926,Thaine,Felce,tfelcepp@nsw.gov.au,Chemical Engineer,Business Development,Bengali
927,Sancho,Schust,sschustpq@fotki.com,Registered Nurse,Training,Finnish
928,Silvio,Swalowe,sswalowepr@netlog.com,Media Manager IV,Business Development,Faroese
929,Pauline,Durbridge,pdurbridgeps@lycos.com,Environmental Tech,Research and Development,Volapük
930,Ruthanne,Cogley,rcogleypt@gizmodo.com,Paralegal,Accounting,Danish
931,Luther,Clist,lclistpu@mtv.com,Accountant IV,Research and Development,Swati
932,Bibbye,Eastway,beastwaypv@npr.org,Cost Accountant,Product Management,Javanese
933,Bent,Sindall,bsindallpw@opera.com,Health Coach III,Accounting,Bosnian
934,Jelene,Luff,jluffpx@flavors.me,General Manager,Human Resources,Portuguese
935,Mavis,Roggero,mroggeropy@mediafire.com,Accountant III,Sales,Azerbaijani
936,Rogerio,Hacking,rhackingpz@reference.com,Quality Engineer,Support,Manx
937,Hanan,Paradin,hparadinq0@msu.edu,Assistant Manager,Support,Yoruba
938,Clifford,Buyers,cbuyersq1@instagram.com,Graphic Designer,Services,Somali
939,Adan,Pridden,apriddenq2@disqus.com,Mechanical Systems Engineer,Human Resources,Uzbek
940,Franz,Chase,fchaseq3@irs.gov,Accounting Assistant III,Legal,Luxembourgish
941,Evvy,Cursey,ecurseyq4@businessweek.com,Nurse Practicioner,Services,Fulah
942,Pansy,Ambrogelli,pambrogelliq5@prlog.org,Food Chemist,Accounting,Chamorro
943,Ethelda,Millam,emillamq6@npr.org,Media Manager III,Support,Hausa
944,Ferrell,Thomson,fthomsonq7@dagondesign.com,VP Accounting,Research and Development,Volapük
945,Taylor,Scutt,tscuttq8@cyberchimps.com,Physical Therapy Assistant,Training,Somali
946,Thorsten,Bernier,tbernierq9@irs.gov,Paralegal,Training,Belarusian
947,Averill,Milkin,amilkinqa@godaddy.com,Professor,Product Management,Sango
948,Rad,Pawelec,rpawelecqb@netscape.com,Assistant Media Planner,Research and Development,Cornish
949,Alan,Stubs,astubsqc@google.co.jp,Legal Assistant,Engineering,Turkish
950,Lucky,Rothman,lrothmanqd@vinaora.com,Research Nurse,Services,Thai
951,Trina,Mellody,tmellodyqe@harvard.edu,Environmental Specialist,Support,Occitan (post 1500)
952,Perice,Fodden,pfoddenqf@printfriendly.com,Analyst Programmer,Research and Development,"Greek, Modern (1453-)"
953,Addia,Lethabridge,alethabridgeqg@businessweek.com,Statistician I,Support,Malayalam
954,Ingmar,Parchment,iparchmentqh@state.tx.us,Marketing Assistant,Training,Javanese
955,Melinda,Jacobsohn,mjacobsohnqi@canalblog.com,Senior Quality Engineer,Legal,Inuktitut
956,Cathlene,Treadway,ctreadwayqj@163.com,Mechanical Systems Engineer,Training,Esperanto
957,Alysa,Helliker,ahellikerqk@ox.ac.uk,Paralegal,Business Development,Nauru
958,Dinah,Whitehorn,dwhitehornql@omniture.com,Data Coordinator,Legal,Central Khmer
959,Krisha,Pennrington,kpennringtonqm@surveymonkey.com,Software Engineer IV,Business Development,Guarani
960,Doloritas,Crowder,dcrowderqn@wikia.com,Registered Nurse,Business Development,Finnish
961,Alayne,Exelby,aexelbyqo@csmonitor.com,Junior Executive,Research and Development,Interlingue
962,Inger,Pothecary,ipothecaryqp@wsj.com,Environmental Tech,Support,Pali
963,Hannis,Argile,hargileqq@shutterfly.com,Staff Accountant I,Engineering,Javanese
964,Regen,Lowles,rlowlesqr@tinyurl.com,Senior Cost Accountant,Accounting,Latin
965,Christophe,Commucci,ccommucciqs@flavors.me,Speech Pathologist,Sales,Hiri Motu
966,Clerkclaude,Mackro,cmackroqt@army.mil,VP Accounting,Human Resources,Sango
967,Marlyn,Sacchetti,msacchettiqu@cbc.ca,VP Accounting,Training,Lithuanian
968,Bellanca,Fortesquieu,bfortesquieuqv@apache.org,Human Resources Assistant I,Human Resources,Dutch
969,Cordelie,Davison,cdavisonqw@bandcamp.com,Dental Hygienist,Marketing,Welsh
970,Vernor,Lemar,vlemarqx@umn.edu,Software Test Engineer III,Marketing,German
971,Belle,Rigby,brigbyqy@stanford.edu,Help Desk Operator,Marketing,French
972,Tiffani,Benettelli,tbenettelliqz@usda.gov,Dental Hygienist,Services,Breton
973,Crawford,Daughtery,cdaughteryr0@ocn.ne.jp,Programmer Analyst III,Product Management,Korean
974,Meagan,Cowhig,mcowhigr1@statcounter.com,Assistant Professor,Sales,Sindhi
975,Clare,Stukings,cstukingsr2@seattletimes.com,Senior Financial Analyst,Marketing,Xhosa
976,Katerina,Belmont,kbelmontr3@behance.net,Senior Cost Accountant,Research and Development,Aymara
977,Justen,Fattore,jfattorer4@mozilla.com,Associate Professor,Business Development,Igbo
978,Larry,Dedham,ldedhamr5@wired.com,Environmental Specialist,Sales,Catalan
979,Mariele,Shute,mshuter6@hc360.com,Product Engineer,Training,Northern Sami
980,Brent,Chafney,bchafneyr7@skyrock.com,Food Chemist,Training,Czech
981,Roslyn,Pinkie,rpinkier8@weebly.com,Senior Developer,Human Resources,Telugu
982,Paxton,Nendick,pnendickr9@yellowbook.com,Staff Scientist,Support,Bosnian
983,Keen,Ccomini,kccominira@cmu.edu,Physical Therapy Assistant,Support,Javanese
984,Payton,Peppard,ppeppardrb@creativecommons.org,Quality Control Specialist,Legal,Northern Sami
985,Dimitry,Milksop,dmilksoprc@whitehouse.gov,Editor,Legal,Kirghiz
986,Elmer,Gilhespy,egilhespyrd@slideshare.net,Help Desk Operator,Support,Assamese
987,Genna,Dabrowski,gdabrowskire@ca.gov,Associate Professor,Engineering,Arabic
988,Barry,Vannuccinii,bvannucciniirf@ebay.co.uk,Biostatistician IV,Training,Ganda
989,Natividad,Guidera,nguiderarg@fc2.com,Media Manager III,Accounting,Kinyarwanda
990,Goddard,Ridgers,gridgersrh@51.la,Tax Accountant,Human Resources,Luba-Katanga
991,Theresina,Spraggon,tspraggonri@instagram.com,Web Developer II,Legal,Kalaallisut
992,Lotty,Gillbard,lgillbardrj@mapy.cz,Electrical Engineer,Marketing,Amharic
993,Fifine,Finneran,ffinneranrk@liveinternet.ru,Senior Sales Associate,Accounting,Avaric
994,Elsi,Mussetti,emussettirl@vistaprint.com,Quality Engineer,Legal,Fijian
995,Germaine,Chaplain,gchaplainrm@pbs.org,Design Engineer,Business Development,Welsh
996,Dani,Tireman,dtiremanrn@squidoo.com,Account Coordinator,Services,Bashkir
997,Robert,Bointon,rbointonro@ebay.co.uk,Dental Hygienist,Support,Lingala
998,Ilyse,Menary,imenaryrp@cloudflare.com,Administrative Assistant I,Services,Tahitian
999,Avie,McCann,amccannrq@yale.edu,Account Executive,Marketing,Slovak
1000,Evey,Wrout,ewroutrr@unicef.org,Tax Accountant,Training,Sardinian
